6832068.0,0.2,0.06,0.16,-0.04,0.0,0.0
6842072.0,0.2,0.06,0.16,-0.04,0.0,0.0
6852060.0,0.2,0.06,0.16,-0.04,0.0,0.0
6860544.0,0.2,0.06,0.15,-0.04,0.0,0.0
6869024.0,0.2,0.06,0.15,-0.04,0.0,0.0
6877700.0,0.2,0.06,0.15,-0.04,0.0,0.0
6887020.0,0.2,0.06,0.15,-0.04,0.0,0.0
6896844.0,0.2,0.06,0.15,-0.04,0.0,0.0
6905580.0,0.2,0.06,0.16,-0.04,0.0,0.0
6914156.0,0.2,0.06,0.16,-0.04,-0.0,0.0
6922584.0,0.2,0.06,0.16,-0.04,-0.0,0.0
6932740.0,0.2,0.06,0.16,-0.04,-0.0,0.0
6942700.0,0.2,0.06,0.16,-0.04,-0.0,0.0
6952692.0,0.2,0.06,0.16,-0.04,-0.0,0.0
6961192.0,0.2,0.06,0.16,-0.04,-0.0,0.0
6969676.0,0.2,0.06,0.16,-0.04,-0.0,0.0
6978192.0,0.2,0.06,0.16,-0.04,-0.0,0.0
6987512.0,0.2,0.06,0.16,-0.04,-0.0,0.0
6997400.0,0.2,0.06,0.16,-0.04,-0.0,0.0
7005896.0,0.2,0.06,0.16,-0.04,-0.0,0.0
7014448.0,0.2,0.06,0.16,-0.04,-0.0,0.0
7023588.0,0.2,0.06,0.16,-0.04,-0.0,0.0
7034588.0,0.2,0.06,0.16,-0.04,-0.0,0.0
7045228.0,0.2,0.06,0.16,-0.04,-0.0,0.0
7055004.0,0.2,0.06,0.16,-0.04,-0.0,0.0
7063488.0,0.2,0.06,0.16,-0.04,-0.0,0.0
7072420.0,0.2,0.06,0.16,-0.04,-0.0,0.0
7082356.0,0.2,0.06,0.16,-0.04,-0.0,0.0
7092384.0,0.2,0.06,0.16,-0.04,-0.0,0.0
7102332.0,0.2,0.06,0.16,-0.04,-0.0,0.0
7110800.0,0.2,0.06,0.16,-0.04,-0.0,0.0
7119276.0,0.2,0.06,0.16,-0.04,-0.0,0.0
7128340.0,0.2,0.06,0.16,-0.04,-0.0,0.0
7137868.0,0.2,0.06,0.15,-0.04,-0.0,0.0
7147912.0,0.2,0.06,0.15,-0.04,-0.0,0.0
7156400.0,0.2,0.06,0.15,-0.04,-0.0,0.0
7165112.0,0.2,0.06,0.15,-0.04,-0.0,0.0
7175120.0,0.2,0.06,0.15,-0.04,-0.0,0.0
7185348.0,0.2,0.06,0.16,-0.04,-0.0,0.0
7195568.0,0.2,0.06,0.16,-0.04,-0.0,0.0
7205320.0,0.2,0.06,0.16,-0.04,-0.0,0.0
7213808.0,0.2,0.06,0.16,0.03,0.0,0.45
7222292.0,0.2,0.06,0.16,0.03,0.0,0.45
7230768.0,0.2,0.06,0.16,0.03,0.0,0.45
7239900.0,0.2,0.06,0.16,0.03,0.0,0.45
7249400.0,0.21,0.06,0.16,0.03,0.0,0.45
7258048.0,0.21,0.06,0.16,0.03,0.0,0.45
7266520.0,0.21,0.06,0.16,0.03,0.0,0.45
7276280.0,0.21,0.06,0.16,0.03,0.0,0.45
7286216.0,0.21,0.06,0.16,0.03,0.0,0.45
7296128.0,0.21,0.06,0.16,0.03,0.0,0.45
7305632.0,0.21,0.06,0.16,0.03,0.0,0.45
7314112.0,0.21,0.06,0.16,0.03,0.0,0.45
7322592.0,0.21,0.06,0.16,0.03,0.0,0.45
7331056.0,0.21,0.06,0.16,0.03,0.0,0.45
7340384.0,0.21,0.06,0.16,0.03,0.0,0.45
7350084.0,0.21,0.06,0.16,0.03,0.0,0.45
7358748.0,0.21,0.06,0.16,0.03,0.0,0.45
7367216.0,0.21,0.06,0.16,0.03,0.0,0.45
7377140.0,0.21,0.06,0.16,0.03,0.0,0.45
7387048.0,0.21,0.06,0.16,0.03,0.0,0.45
7396944.0,0.21,0.06,0.16,0.03,0.0,0.45
7406216.0,0.21,0.06,0.16,0.03,0.0,0.45
7414944.0,0.21,0.06,0.16,0.03,0.0,0.45
7423412.0,0.21,0.06,0.16,0.03,0.0,0.45
7431892.0,0.21,0.06,0.16,0.03,0.0,0.45
7441236.0,0.21,0.06,0.16,0.03,0.0,0.45
7450876.0,0.21,0.06,0.16,0.03,0.0,0.45
7459600.0,0.21,0.06,0.16,0.03,0.0,0.45
7468096.0,0.21,0.06,0.16,0.03,0.0,0.45
7478040.0,0.21,0.06,0.16,0.03,0.0,0.45
7488000.0,0.21,0.06,0.16,0.03,0.0,0.45
7497944.0,0.21,0.06,0.16,0.03,0.0,0.45
7506472.0,0.21,0.06,0.16,0.03,0.0,0.45
7515064.0,0.21,0.06,0.16,0.03,0.0,0.45
7524004.0,0.21,0.06,0.16,0.03,0.0,0.45
7534008.0,0.21,0.06,0.16,0.03,0.0,0.45
7543996.0,0.21,0.06,0.16,0.03,0.0,0.45
7553972.0,0.21,0.06,0.16,0.03,0.0,0.45
7562436.0,0.21,0.06,0.16,0.03,0.0,0.45
7570960.0,0.21,0.06,0.16,0.03,0.0,0.45
7580260.0,0.21,0.06,0.16,0.03,0.0,0.45
7590164.0,0.21,0.06,0.16,0.03,0.0,0.45
7600428.0,0.21,0.06,0.16,0.03,0.0,0.45
7608912.0,0.21,0.06,0.16,0.03,0.0,0.45
7617368.0,0.21,0.06,0.16,0.03,0.0,0.45
7627420.0,0.21,0.06,0.16,0.03,0.0,0.45
7637344.0,0.21,0.06,0.16,0.03,0.0,0.45
7647092.0,0.21,0.06,0.16,0.03,0.0,0.45
7656320.0,0.21,0.06,0.16,0.03,0.0,0.45
7665020.0,0.21,0.06,0.16,0.03,0.0,0.45
7673520.0,0.21,0.06,0.16,0.03,0.0,0.45
7683448.0,0.21,0.06,0.16,0.03,0.0,0.45
7693432.0,0.21,0.06,0.16,0.03,0.0,0.45
7703420.0,0.21,0.06,0.16,0.03,0.0,0.45
7711904.0,0.21,0.06,0.16,0.03,0.0,0.45
7720416.0,0.21,0.06,0.16,0.03,0.0,0.45
7730408.0,0.21,0.06,0.16,0.03,0.0,0.45
7741064.0,0.21,0.06,0.16,0.03,0.0,0.45
7752276.0,0.21,0.06,0.16,0.03,0.0,0.45
7761008.0,0.21,0.06,0.16,0.03,0.0,0.45
7769640.0,0.21,0.06,0.16,0.03,0.0,0.45
7779552.0,0.21,0.06,0.16,0.03,0.0,0.45
7789464.0,0.21,0.06,0.16,0.03,0.0,0.45
7799408.0,0.21,0.06,0.16,0.03,0.0,0.45
7807884.0,0.21,0.06,0.16,0.03,0.0,0.45
7816568.0,0.21,0.06,0.16,0.03,0.0,0.45
7825212.0,0.21,0.06,0.16,0.03,0.0,0.45
7834228.0,0.21,0.06,0.16,0.03,0.0,0.45
7844200.0,0.21,0.06,0.16,0.03,0.0,0.45
7854164.0,0.21,0.06,0.16,0.03,0.0,0.45
7862644.0,0.21,0.06,0.16,0.04,0.0,0.45
7871140.0,0.21,0.06,0.16,0.04,0.0,0.45
7881000.0,0.21,0.06,0.16,0.04,0.0,0.45
7892252.0,0.21,0.06,0.16,0.04,0.0,0.45
7903364.0,0.21,0.06,0.16,0.04,0.0,0.45
7912064.0,0.21,0.06,0.16,0.04,0.0,0.45
7921132.0,0.21,0.06,0.16,0.04,0.0,0.45
7932740.0,0.21,0.06,0.16,0.04,0.0,0.45
7943528.0,0.21,0.06,0.16,0.04,0.0,0.45
7954036.0,0.21,0.06,0.16,0.04,0.0,0.45
7962656.0,0.21,0.06,0.16,0.04,0.0,0.45
7971320.0,0.21,0.06,0.16,0.04,0.0,0.45
7981380.0,0.21,0.06,0.16,0.04,0.0,0.45
7992928.0,0.21,0.06,0.16,0.04,0.0,0.45
8003888.0,0.21,0.06,0.16,0.04,0.0,0.45
8012532.0,0.21,0.06,0.16,0.04,0.0,0.45
8021016.0,0.21,0.06,0.16,0.04,0.0,0.45
8031792.0,0.21,0.06,0.16,0.04,0.0,0.45
8043168.0,0.21,0.06,0.16,0.04,0.0,0.45
8054140.0,0.21,0.06,0.16,0.04,0.0,0.45
8062860.0,0.21,0.06,0.16,0.04,0.0,0.45
8072640.0,0.21,0.06,0.16,0.04,0.0,0.45
8083672.0,0.21,0.06,0.16,0.04,0.0,0.45
8094348.0,0.21,0.06,0.16,0.04,0.0,0.45
8104848.0,0.21,0.06,0.16,0.04,0.0,0.45
8113332.0,0.21,0.06,0.16,0.04,0.0,0.45
8123520.0,0.21,0.06,0.16,0.04,0.0,0.45
8134348.0,0.21,0.06,0.16,0.04,0.0,0.45
8144872.0,0.21,0.06,0.16,0.04,0.0,0.45
8155204.0,0.21,0.06,0.16,0.04,0.0,0.45
8163672.0,0.21,0.06,0.16,0.04,0.0,0.45
8172380.0,0.21,0.06,0.16,0.04,0.0,0.45
8182560.0,0.21,0.06,0.16,0.04,0.0,0.45
8193916.0,0.21,0.06,0.16,0.04,0.0,0.45
8204912.0,0.21,0.06,0.16,0.04,0.0,0.45
8213732.0,0.21,0.06,0.16,0.04,0.0,0.45
8223140.0,0.21,0.06,0.16,0.04,0.0,0.45
8232872.0,0.21,0.06,0.16,0.04,0.0,0.45
8244200.0,0.21,0.06,0.16,0.04,0.0,0.45
8255136.0,0.21,0.06,0.16,0.04,0.0,0.45
8263792.0,0.21,0.06,0.16,0.04,0.0,0.45
8273728.0,0.21,0.06,0.16,0.04,0.0,0.45
8284704.0,0.21,0.06,0.16,0.04,0.0,0.45
8295244.0,0.21,0.06,0.16,0.04,0.0,0.45
8306092.0,0.21,0.05,0.16,0.04,0.0,0.45
8314572.0,0.21,0.05,0.16,0.04,0.0,0.45
8324684.0,0.21,0.06,0.16,0.04,0.0,0.45
8335384.0,0.21,0.06,0.16,0.04,0.0,0.45
8345876.0,0.21,0.06,0.16,0.04,0.0,0.45
8356248.0,0.21,0.06,0.16,0.04,0.0,0.45
8364732.0,0.21,0.06,0.16,0.04,0.0,0.45
8373420.0,0.21,0.06,0.16,0.04,0.0,0.45
8384268.0,0.21,0.06,0.16,0.04,0.0,0.45
8395308.0,0.21,0.05,0.16,0.04,0.0,0.45
8406168.0,0.21,0.05,0.16,0.04,0.0,0.45
8414724.0,0.21,0.05,0.16,0.04,0.0,0.45
8424908.0,0.21,0.05,0.16,0.04,0.0,0.45
8435748.0,0.21,0.05,0.16,0.04,0.0,0.45
8446120.0,0.21,0.05,0.16,0.04,0.0,0.45
8456508.0,0.21,0.05,0.16,0.04,0.0,0.45
8464992.0,0.21,0.05,0.16,0.04,0.0,0.45
8473652.0,0.21,0.05,0.16,0.04,0.0,0.45
8485244.0,0.21,0.05,0.16,0.04,0.0,0.45
8496184.0,0.21,0.05,0.16,0.04,0.0,0.45
8506604.0,0.21,0.05,0.16,0.04,0.0,0.45
8515184.0,0.21,0.05,0.16,0.04,0.0,0.45
8523868.0,0.21,0.05,0.16,0.04,0.0,0.45
8535196.0,0.21,0.05,0.16,0.04,0.0,0.45
8546248.0,0.21,0.05,0.16,0.04,0.0,0.45
8556664.0,0.21,0.05,0.16,0.04,0.0,0.45
8565772.0,0.21,0.05,0.16,0.04,0.0,0.45
8576244.0,0.21,0.05,0.16,0.04,0.0,0.45
8586536.0,0.21,0.05,0.16,0.04,0.0,0.45
8596436.0,0.21,0.05,0.16,0.04,0.0,0.45
8606944.0,0.21,0.05,0.17,0.04,0.0,0.45
8615876.0,0.21,0.05,0.17,0.04,0.0,0.45
8626248.0,0.21,0.05,0.17,0.04,0.0,0.45
8636584.0,0.21,0.05,0.17,0.04,0.0,0.45
8646636.0,0.21,0.05,0.17,0.04,0.0,0.45
8657112.0,0.21,0.05,0.17,0.04,0.0,0.45
8666640.0,0.21,0.05,0.17,0.04,0.0,0.45
8676652.0,0.21,0.05,0.17,0.04,0.0,0.45
8686816.0,0.21,0.05,0.17,0.04,0.0,0.45
8696936.0,0.21,0.05,0.17,0.04,0.0,0.45
8707300.0,0.21,0.05,0.17,0.04,0.0,0.45
8716568.0,0.21,0.05,0.17,0.04,0.0,0.45
8726508.0,0.21,0.05,0.17,0.04,0.0,0.45
8736708.0,0.21,0.05,0.17,0.04,0.0,0.45
8746996.0,0.21,0.05,0.17,0.04,0.0,0.45
8757276.0,0.21,0.05,0.17,0.04,0.0,0.45
8765908.0,0.21,0.05,0.17,0.04,0.0,0.45
8774664.0,0.21,0.05,0.17,0.04,0.0,0.45
8786132.0,0.21,0.04,0.17,0.04,0.0,0.45
8796720.0,0.21,0.04,0.17,0.04,0.0,0.45
8807368.0,0.21,0.04,0.17,0.04,0.0,0.45
8816032.0,0.21,0.04,0.17,0.04,0.0,0.45
8824516.0,0.21,0.04,0.17,0.04,0.0,0.45
8835904.0,0.21,0.04,0.17,0.04,0.0,0.45
8846860.0,0.22,0.04,0.17,0.04,0.0,0.45
8857408.0,0.22,0.04,0.18,0.04,0.0,0.45
8866096.0,0.22,0.04,0.18,0.04,0.0,0.45
8874572.0,0.22,0.04,0.18,0.04,0.0,0.45
8885964.0,0.22,0.04,0.18,0.04,0.0,0.45
8896944.0,0.22,0.04,0.18,0.04,0.0,0.45
8907608.0,0.22,0.04,0.17,0.04,0.0,0.45
8916548.0,0.21,0.04,0.17,0.04,0.0,0.45
8925012.0,0.21,0.04,0.17,0.04,0.0,0.45
8936484.0,0.21,0.04,0.17,0.04,0.0,0.45
8947256.0,0.21,0.05,0.17,0.04,0.0,0.45
8957736.0,0.21,0.05,0.17,0.04,0.0,0.45
8966612.0,0.21,0.05,0.16,0.04,0.0,0.45
8975092.0,0.21,0.05,0.16,0.04,0.0,0.45
8986672.0,0.21,0.05,0.16,0.04,0.0,0.45
8997364.0,0.21,0.05,0.16,0.04,0.0,0.45
9007772.0,0.21,0.06,0.16,0.04,0.0,0.45
9016564.0,0.21,0.06,0.16,0.04,0.0,0.45
9025028.0,0.21,0.06,0.16,0.04,0.0,0.45
9036400.0,0.21,0.06,0.16,0.04,0.0,0.45
9047392.0,0.2,0.07,0.16,0.04,0.0,0.45
9057916.0,0.2,0.07,0.16,0.04,0.0,0.45
9066864.0,0.2,0.07,0.16,0.04,0.0,0.45
9075352.0,0.2,0.08,0.16,0.04,0.0,0.45
9086896.0,0.2,0.08,0.16,0.04,0.0,0.45
9097528.0,0.2,0.08,0.15,0.04,0.0,0.45
9108004.0,0.2,0.08,0.16,0.04,0.0,0.45
9116792.0,0.2,0.08,0.16,0.04,0.0,0.45
9125260.0,0.2,0.09,0.16,0.04,0.0,0.45
9136564.0,0.19,0.09,0.16,0.04,0.0,0.45
9147492.0,0.19,0.09,0.16,0.04,0.0,0.45
9158180.0,0.19,0.1,0.16,0.04,0.0,0.45
9167084.0,0.19,0.1,0.16,0.04,0.0,0.45
9175564.0,0.19,0.1,0.16,0.04,0.0,0.45
9186916.0,0.19,0.11,0.16,0.04,0.0,0.45
9197728.0,0.19,0.11,0.16,0.04,0.0,0.45
9208352.0,0.19,0.11,0.16,0.04,0.0,0.45
9217160.0,0.18,0.11,0.16,0.04,0.0,0.45
9225664.0,0.18,0.12,0.17,0.04,0.0,0.45
9236992.0,0.18,0.12,0.17,0.04,0.0,0.45
9247800.0,0.18,0.12,0.17,0.04,0.0,0.45
9258296.0,0.18,0.12,0.17,0.04,0.0,0.45
9266968.0,0.18,0.13,0.17,0.04,0.0,0.45
9275460.0,0.18,0.13,0.17,0.04,0.0,0.45
9286980.0,0.17,0.13,0.17,0.04,0.0,0.45
9297744.0,0.17,0.14,0.18,0.04,0.0,0.45
9308364.0,0.17,0.14,0.18,0.04,0.0,0.45
9317012.0,0.17,0.15,0.18,0.04,0.0,0.45
9325488.0,0.16,0.15,0.18,0.04,0.0,0.45
9337028.0,0.16,0.15,0.18,0.04,0.0,0.45
9347800.0,0.16,0.15,0.19,0.04,0.0,0.45
9358508.0,0.15,0.16,0.19,0.04,0.0,0.45
9367200.0,0.15,0.16,0.19,0.04,0.0,0.45
9375692.0,0.14,0.17,0.19,0.04,0.0,0.45
9387100.0,0.14,0.18,0.2,0.04,0.0,0.45
9397860.0,0.13,0.18,0.2,0.04,0.0,0.45
9408584.0,0.13,0.18,0.21,0.04,0.0,0.45
9417252.0,0.12,0.19,0.21,0.04,0.0,0.45
9425724.0,0.12,0.19,0.22,0.04,0.0,0.45
9437248.0,0.11,0.2,0.22,0.04,0.0,0.45
9447988.0,0.11,0.2,0.22,0.04,0.0,0.45
9458668.0,0.1,0.2,0.23,0.04,0.0,0.45
9467420.0,0.1,0.2,0.23,0.04,0.01,0.45
9475908.0,0.09,0.21,0.23,0.04,0.01,0.45
9487276.0,0.08,0.21,0.23,0.04,0.01,0.45
9498088.0,0.08,0.21,0.24,0.04,0.01,0.45
9508592.0,0.07,0.21,0.24,0.04,0.01,0.45
9517248.0,0.02,0.06,0.44,0.04,0.01,0.45
9525708.0,0.02,0.06,0.44,0.04,0.01,0.45
9536136.0,0.02,0.06,0.44,0.04,0.01,0.45
9547472.0,0.01,0.06,0.44,0.04,0.01,0.45
9558324.0,0.01,0.05,0.44,0.04,0.01,0.45
9566792.0,0.01,0.05,0.44,0.04,0.01,0.45
9575240.0,0.01,0.05,0.44,0.04,0.01,0.45
9585336.0,0.01,0.05,0.44,0.05,0.01,0.45
9596468.0,0.01,0.05,0.44,0.05,0.01,0.45
9607788.0,0.01,0.05,0.44,0.05,0.01,0.45
9616272.0,0.01,0.05,0.44,0.05,0.01,0.45
9624748.0,0.01,0.05,0.45,0.05,0.01,0.45
9633224.0,0.0,0.04,0.45,0.05,0.01,0.45
9641708.0,0.0,0.04,0.45,0.05,0.01,0.45
9650444.0,0.0,0.04,0.45,0.05,0.01,0.45
9660048.0,0.0,0.04,0.45,0.05,0.01,0.45
9668704.0,0.0,0.04,0.45,0.05,0.01,0.45
9677448.0,0.0,0.04,0.45,0.05,0.01,0.45
9688228.0,0.0,0.04,0.45,0.05,0.01,0.45
9698764.0,-0.0,0.04,0.45,0.05,0.01,0.45
9709176.0,-0.0,0.03,0.45,0.05,0.01,0.45
9717772.0,-0.0,0.03,0.45,0.05,0.01,0.45
9726272.0,-0.0,0.03,0.45,0.05,0.01,0.45
9736224.0,-0.0,0.03,0.45,0.05,0.01,0.45
9747452.0,-0.0,0.03,0.45,0.05,0.01,0.45
9758592.0,-0.0,0.03,0.45,0.05,0.01,0.45
9767092.0,-0.0,0.03,0.45,0.05,0.01,0.45
9775596.0,-0.0,0.03,0.45,0.05,0.01,0.45
9784540.0,-0.0,0.03,0.45,0.05,0.01,0.45
9794128.0,-0.0,0.03,0.45,0.05,0.01,0.45
9803076.0,-0.0,0.03,0.45,0.05,0.01,0.45
9811588.0,-0.0,0.03,0.45,0.05,0.01,0.45
9820124.0,-0.0,0.03,0.45,0.05,0.01,0.45
9828780.0,-0.0,0.03,0.45,0.05,0.01,0.44
9839040.0,-0.0,0.02,0.45,0.05,0.01,0.44
9849136.0,-0.0,0.02,0.45,0.05,0.01,0.44
9859344.0,-0.0,0.02,0.45,0.05,0.01,0.44
9867932.0,-0.0,0.02,0.45,0.05,0.01,0.44
9876408.0,-0.0,0.02,0.45,0.05,0.01,0.44
9886880.0,-0.0,0.02,0.45,0.05,0.01,0.44
9897936.0,-0.0,0.02,0.45,0.05,0.01,0.44
9908816.0,-0.0,0.02,0.45,0.05,0.01,0.44
9917304.0,-0.0,0.02,0.45,0.05,0.01,0.44
9925804.0,-0.0,0.02,0.45,0.05,0.01,0.44
9934740.0,-0.0,0.02,0.45,0.05,0.01,0.44
9944308.0,-0.0,0.02,0.45,0.05,0.01,0.44
9953312.0,-0.0,0.02,0.45,0.05,0.01,0.44
9962216.0,-0.0,0.02,0.45,0.05,0.01,0.44
9970840.0,-0.0,0.02,0.45,0.05,0.01,0.44
9979340.0,-0.0,0.02,0.45,0.05,0.01,0.44
9989348.0,0.0,0.03,0.45,0.05,0.01,0.44
9999356.0,0.0,0.03,0.45,0.05,0.01,0.44
10009560.0,0.0,0.03,0.45,0.05,0.01,0.44
10018148.0,0.01,0.04,0.45,0.05,0.01,0.44
10026672.0,0.01,0.04,0.45,0.05,0.01,0.44
10037092.0,0.01,0.04,0.45,0.05,0.01,0.44
10047824.0,0.01,0.05,0.44,0.05,0.01,0.44
10058904.0,0.02,0.05,0.44,0.05,0.01,0.44
10067396.0,0.02,0.06,0.44,0.05,0.01,0.44
10075916.0,0.03,0.06,0.44,0.05,0.01,0.44
10085296.0,0.03,0.06,0.44,0.05,0.01,0.44
10095348.0,0.04,0.07,0.44,0.05,0.01,0.44
10105376.0,0.04,0.07,0.44,0.05,0.01,0.44
10113896.0,0.04,0.07,0.44,0.05,0.01,0.44
10122656.0,0.04,0.07,0.44,0.05,0.01,0.44
10131332.0,0.05,0.06,0.44,0.05,0.01,0.44
10141460.0,0.05,0.06,0.43,0.05,0.01,0.44
10151548.0,0.05,0.06,0.43,0.05,0.01,0.44
10161848.0,0.06,0.06,0.43,0.05,0.01,0.44
10170392.0,0.06,0.06,0.43,0.05,0.01,0.44
10179132.0,0.06,0.06,0.43,0.05,0.01,0.44
10189452.0,0.06,0.06,0.43,0.05,0.01,0.44
10199636.0,0.07,0.06,0.43,0.05,0.01,0.44
10209828.0,0.07,0.06,0.43,0.05,0.01,0.44
10219068.0,0.08,0.05,0.43,0.05,0.01,0.44
10228624.0,0.08,0.05,0.43,0.05,0.01,0.44
10239156.0,0.08,0.05,0.43,0.05,0.01,0.44
10249472.0,0.08,0.05,0.43,0.05,0.01,0.44
10259812.0,0.09,0.05,0.43,0.05,0.01,0.44
10268488.0,0.09,0.04,0.43,0.05,0.01,0.44
10277004.0,0.09,0.04,0.43,0.05,0.01,0.44
10286988.0,0.09,0.04,0.43,0.05,0.01,0.44
10296992.0,0.1,0.04,0.43,0.05,0.01,0.44
10307032.0,0.1,0.04,0.42,0.05,0.01,0.44
10315524.0,0.1,0.03,0.42,0.05,0.01,0.44
10325512.0,0.1,0.03,0.42,0.05,0.01,0.44
10335284.0,0.1,0.03,0.42,0.05,0.01,0.44
10345384.0,0.11,0.03,0.42,0.05,0.01,0.44
10355392.0,0.11,0.02,0.42,0.05,0.01,0.44
10364092.0,0.11,0.02,0.42,0.05,0.01,0.44
10373060.0,0.11,0.02,0.42,0.05,0.01,0.44
10381568.0,0.11,0.02,0.42,0.05,0.01,0.44
10391508.0,0.11,0.02,0.42,0.05,0.01,0.44
10401508.0,0.11,0.02,0.42,0.05,0.01,0.44
10411472.0,0.11,0.02,0.42,0.05,0.01,0.44
10420008.0,0.11,0.01,0.42,0.05,0.01,0.44
10429364.0,0.11,0.01,0.42,0.05,0.01,0.44
10439128.0,0.11,0.01,0.42,0.05,0.01,0.44
10449364.0,0.11,0.01,0.42,0.05,0.01,0.44
10459856.0,0.11,0.01,0.42,0.05,0.01,0.44
10469264.0,0.11,0.01,0.42,0.05,0.01,0.44
10478880.0,0.11,0.01,0.42,0.05,0.01,0.44
10488740.0,0.11,0.01,0.42,0.05,0.01,0.44
10498804.0,0.12,0.01,0.42,0.05,0.01,0.44
10509156.0,0.12,0.01,0.42,0.05,0.01,0.44
10518284.0,0.12,0.01,0.42,0.05,0.01,0.44
10528288.0,0.12,0.0,0.42,0.05,0.01,0.44
10538280.0,0.12,0.0,0.42,0.05,0.01,0.44
10548352.0,0.12,0.0,0.42,0.05,0.01,0.44
10558332.0,0.12,0.0,0.42,0.05,0.01,0.44
10567296.0,0.12,0.0,0.42,0.05,0.01,0.44
10577328.0,0.12,0.01,0.42,0.05,0.01,0.44
10587388.0,0.12,0.0,0.42,0.05,0.01,0.44
10597404.0,0.12,0.0,0.42,0.05,0.01,0.44
10607436.0,0.12,0.0,0.42,0.05,0.01,0.44
10615968.0,0.12,0.0,0.42,0.05,0.01,0.44
10626200.0,0.12,0.0,0.42,0.05,0.01,0.44
10636384.0,0.12,0.01,0.42,0.05,0.01,0.44
10646712.0,0.12,0.01,0.42,0.05,0.01,0.44
10656836.0,0.12,0.01,0.42,0.05,0.01,0.44
10665560.0,0.12,0.01,0.42,0.05,0.01,0.44
10675420.0,0.12,0.01,0.41,0.05,0.01,0.44
10685164.0,0.12,0.01,0.41,0.05,0.01,0.44
10696280.0,0.12,0.01,0.41,0.05,0.01,0.44
10706832.0,0.12,0.01,0.41,0.05,0.01,0.44
10715812.0,0.12,0.01,0.41,0.05,0.01,0.44
10724440.0,0.12,0.01,0.41,0.05,0.01,0.44
10732964.0,0.12,0.01,0.41,0.05,0.01,0.44
10742820.0,0.12,0.01,0.41,0.05,0.01,0.44
10752800.0,0.12,0.01,0.41,0.05,0.01,0.44
10762744.0,0.12,0.01,0.41,0.05,0.01,0.44
10771252.0,0.12,0.01,0.41,0.05,0.01,0.44
10780152.0,0.12,0.01,0.41,0.05,0.01,0.44
10789680.0,0.12,0.01,0.41,0.05,0.01,0.44
10799412.0,0.13,0.02,0.41,0.05,0.01,0.44
10809456.0,0.13,0.02,0.41,0.05,0.01,0.44
10819096.0,0.13,0.02,0.41,0.05,0.01,0.44
10829260.0,0.13,0.02,0.41,0.05,0.01,0.44
10839208.0,0.13,0.02,0.41,0.05,0.01,0.44
10849148.0,0.13,0.02,0.4,0.05,0.01,0.44
10859472.0,0.14,0.02,0.4,0.05,0.01,0.44
10869348.0,0.14,0.03,0.4,0.05,0.01,0.44
10879292.0,0.14,0.03,0.4,0.05,0.01,0.44
10889288.0,0.14,0.03,0.4,0.05,0.01,0.44
10899236.0,0.15,0.03,0.39,0.05,0.01,0.44
10909544.0,0.15,0.03,0.39,0.05,0.01,0.44
10918764.0,0.15,0.03,0.39,0.05,0.01,0.44
10928736.0,0.15,0.04,0.39,0.05,0.01,0.44
10938780.0,0.16,0.04,0.38,0.05,0.01,0.44
10948816.0,0.16,0.04,0.38,0.05,0.01,0.44
10958824.0,0.16,0.05,0.37,0.05,0.01,0.44
10967996.0,0.16,0.05,0.37,0.05,0.01,0.44
10978188.0,0.17,0.05,0.37,0.05,0.01,0.44
10988320.0,0.17,0.05,0.36,0.05,0.01,0.44
10998356.0,0.17,0.05,0.36,0.05,0.01,0.44
11008436.0,0.17,0.05,0.36,0.05,0.01,0.44
11017176.0,0.17,0.05,0.36,0.05,0.01,0.44
11025796.0,0.18,0.05,0.35,0.05,0.01,0.44
11034556.0,0.18,0.05,0.35,0.05,0.01,0.44
11045780.0,0.18,0.05,0.34,0.05,0.01,0.44
11057384.0,0.19,0.05,0.34,0.05,0.01,0.44
11067144.0,0.19,0.05,0.34,0.05,0.01,0.44
11077296.0,0.19,0.05,0.33,0.05,0.01,0.44
11087728.0,0.19,0.05,0.33,0.05,0.01,0.44
11098368.0,0.2,0.05,0.32,0.05,0.01,0.44
11108732.0,0.2,0.05,0.32,0.05,0.01,0.44
11117656.0,0.2,0.05,0.32,0.05,0.01,0.44
11127732.0,0.2,0.05,0.31,0.05,0.01,0.44
11137820.0,0.2,0.05,0.31,0.05,0.01,0.44
11148516.0,0.2,0.05,0.3,0.05,0.01,0.44
11158856.0,0.21,0.05,0.3,0.05,0.01,0.44
11168452.0,0.21,0.05,0.3,0.05,0.01,0.44
11178632.0,0.21,0.05,0.29,0.05,0.01,0.44
11188996.0,0.21,0.05,0.28,0.05,0.01,0.44
11199200.0,0.21,0.05,0.28,0.05,0.01,0.44
11209700.0,0.21,0.05,0.27,0.05,0.01,0.44
11218200.0,0.21,0.05,0.27,0.05,0.01,0.44
11226732.0,0.22,0.05,0.27,0.05,0.01,0.44
11236024.0,0.22,0.05,0.26,0.05,0.01,0.44
11247368.0,0.22,0.05,0.26,0.05,0.01,0.44
11258424.0,0.22,0.05,0.26,0.05,0.01,0.44
11267852.0,0.22,0.04,0.25,0.05,0.01,0.44
11276372.0,0.22,0.04,0.25,0.05,0.01,0.44
11285380.0,0.22,0.04,0.25,0.05,0.01,0.44
11296836.0,0.22,0.04,0.24,0.05,0.01,0.44
11308452.0,0.22,0.04,0.24,0.05,0.01,0.44
11318428.0,0.22,0.04,0.24,0.05,0.01,0.44
11328612.0,0.22,0.04,0.23,0.05,0.01,0.44
11338800.0,0.22,0.04,0.23,0.05,0.01,0.44
11349668.0,0.22,0.03,0.22,0.05,0.01,0.44
11360016.0,0.22,0.03,0.22,0.05,0.01,0.44
11370112.0,0.22,0.03,0.22,0.05,0.01,0.44
11380028.0,0.22,0.03,0.22,0.05,0.01,0.44
11390012.0,0.22,0.03,0.21,0.05,0.01,0.44
11399992.0,0.22,0.03,0.21,0.05,0.01,0.44
11410280.0,0.22,0.03,0.2,0.05,0.01,0.44
11420088.0,0.22,0.03,0.2,0.05,0.01,0.44
11430108.0,0.22,0.03,0.2,0.05,0.01,0.44
11440116.0,0.22,0.03,0.2,0.05,0.01,0.44
11450208.0,0.22,0.02,0.19,0.05,0.01,0.44
11460272.0,0.22,0.02,0.19,0.05,0.01,0.44
11470340.0,0.22,0.02,0.19,0.05,0.01,0.44
11480164.0,0.22,0.02,0.19,0.05,0.01,0.44
11490184.0,0.22,0.02,0.19,0.05,0.01,0.44
11500136.0,0.22,0.02,0.19,0.05,0.01,0.44
11510444.0,0.22,0.02,0.18,0.05,0.01,0.44
11520420.0,0.22,0.02,0.18,0.05,0.01,0.44
11530268.0,0.22,0.02,0.18,0.05,0.01,0.44
11540284.0,0.22,0.02,0.18,0.05,0.01,0.44
11550472.0,0.22,0.02,0.18,0.05,0.01,0.44
11560648.0,0.22,0.02,0.18,0.05,0.01,0.44
11570620.0,0.22,0.02,0.18,0.05,0.01,0.44
11580380.0,0.22,0.02,0.17,0.05,0.01,0.44
11590300.0,0.22,0.02,0.17,0.05,0.01,0.44
11600512.0,0.22,0.02,0.17,0.05,0.01,0.44
11610804.0,0.22,0.02,0.17,0.05,0.01,0.44
11620736.0,0.22,0.02,0.17,0.05,0.01,0.44
11630564.0,0.22,0.02,0.17,0.05,0.01,0.44
11640356.0,0.22,0.02,0.17,0.05,0.01,0.44
11650480.0,0.22,0.02,0.17,0.05,0.01,0.44
11660888.0,0.22,0.02,0.17,0.05,0.01,0.44
11670808.0,0.22,0.02,0.17,0.05,0.01,0.44
11680528.0,0.22,0.02,0.17,0.05,0.01,0.44
11690480.0,0.22,0.02,0.17,0.05,0.01,0.44
11700784.0,0.22,0.02,0.18,0.05,0.01,0.44
11711036.0,0.22,0.02,0.18,0.05,0.01,0.44
11720340.0,0.22,0.03,0.18,0.05,0.01,0.44
11729048.0,0.22,0.03,0.18,0.05,0.01,0.44
11739052.0,0.22,0.03,0.18,0.05,0.01,0.44
11750380.0,0.22,0.03,0.18,0.05,0.01,0.44
11761032.0,0.22,0.03,0.18,0.05,0.01,0.44
11771084.0,0.22,0.03,0.19,0.05,0.01,0.44
11780832.0,0.22,0.03,0.19,0.05,0.01,0.44
11790500.0,0.22,0.03,0.19,0.05,0.01,0.44
11800932.0,0.22,0.03,0.19,0.05,0.01,0.44
11811212.0,0.22,0.03,0.19,0.05,0.01,0.44
11821148.0,0.22,0.03,0.2,0.05,0.01,0.44
11830900.0,0.22,0.03,0.2,0.05,0.01,0.44
11840636.0,0.22,0.03,0.2,0.05,0.01,0.44
11850984.0,0.22,0.04,0.2,0.05,0.01,0.44
11861348.0,0.22,0.04,0.21,0.05,0.01,0.44
11871304.0,0.22,0.04,0.21,0.05,0.01,0.44
11880948.0,0.22,0.04,0.21,0.05,0.01,0.44
11890728.0,0.22,0.04,0.21,0.05,0.01,0.44
11901160.0,0.22,0.05,0.22,0.05,0.01,0.44
11911416.0,0.22,0.05,0.22,0.05,0.01,0.44
11921356.0,0.22,0.05,0.23,0.05,0.01,0.44
11931048.0,0.22,0.05,0.24,0.05,0.01,0.44
11940920.0,0.22,0.05,0.24,0.05,0.01,0.44
11951236.0,0.22,0.05,0.25,0.05,0.01,0.44
11961504.0,0.22,0.05,0.26,0.05,0.01,0.44
11971628.0,0.22,0.05,0.26,0.05,0.01,0.44
11981136.0,0.22,0.05,0.27,0.05,0.01,0.44
11990748.0,0.21,0.05,0.27,0.05,0.01,0.44
12001244.0,0.21,0.05,0.28,0.05,0.01,0.44
12011612.0,0.21,0.05,0.28,0.05,0.01,0.44
12021636.0,0.21,0.05,0.29,0.05,0.01,0.44
12031156.0,0.21,0.05,0.3,0.05,0.01,0.44
12040864.0,0.2,0.05,0.3,0.05,0.01,0.44
12051372.0,0.2,0.05,0.31,0.05,0.01,0.44
12061708.0,0.2,0.05,0.31,0.05,0.01,0.44
12071608.0,0.2,0.05,0.32,0.05,0.01,0.44
12080388.0,0.2,0.05,0.33,0.05,0.01,0.44
12090520.0,0.19,0.05,0.33,0.05,0.01,0.44
12101352.0,0.19,0.05,0.34,0.05,0.01,0.44
12111840.0,0.19,0.04,0.34,0.05,0.01,0.44
12121916.0,0.19,0.04,0.34,0.05,0.01,0.44
12131416.0,0.18,0.04,0.35,0.05,0.01,0.44
12140984.0,0.18,0.04,0.35,0.05,0.01,0.44
12151488.0,0.18,0.04,0.36,0.05,0.01,0.44
12162044.0,0.17,0.04,0.36,0.05,0.01,0.44
12171960.0,0.17,0.04,0.37,0.05,0.01,0.44
12180736.0,0.17,0.04,0.37,0.05,0.01,0.44
12190672.0,0.17,0.04,0.37,0.05,0.01,0.44
12201500.0,0.16,0.04,0.38,0.05,0.01,0.44
12212068.0,0.16,0.03,0.38,0.05,0.01,0.44
12221920.0,0.16,0.03,0.38,0.05,0.01,0.44
12230672.0,0.15,0.03,0.39,0.05,0.01,0.44
12240816.0,0.15,0.03,0.39,0.05,0.01,0.44
12251512.0,0.14,0.03,0.4,0.05,0.01,0.44
12262028.0,0.14,0.03,0.4,0.05,0.01,0.44
12272188.0,0.13,0.03,0.4,0.05,0.01,0.44
12281596.0,0.13,0.02,0.41,0.05,0.01,0.44
12291184.0,0.13,0.02,0.41,0.05,0.01,0.44
12301780.0,0.12,0.02,0.41,0.05,0.01,0.44
12312224.0,0.12,0.02,0.42,0.05,0.01,0.44
12322248.0,0.11,0.02,0.42,0.05,0.01,0.44
12331596.0,0.11,0.02,0.42,0.05,0.01,0.44
12341164.0,0.1,0.02,0.43,0.05,0.01,0.44
12351848.0,0.09,0.02,0.43,0.05,0.01,0.44
12362396.0,0.09,0.01,0.43,0.05,0.01,0.44
12372336.0,0.08,0.01,0.43,0.05,0.01,0.44
12381708.0,0.08,0.01,0.44,0.05,0.01,0.44
12391280.0,0.07,0.01,0.44,0.05,0.01,0.44
12401820.0,0.07,0.01,0.44,0.05,0.01,0.44
12412312.0,0.07,0.01,0.44,0.05,0.01,0.44
12422396.0,0.06,0.01,0.44,0.05,0.01,0.44
12431740.0,0.06,0.01,0.44,0.05,0.01,0.44
12441300.0,0.06,0.01,0.44,0.05,0.01,0.44
12451860.0,0.05,0.01,0.44,0.05,0.01,0.44
12462348.0,0.05,0.01,0.44,0.05,0.01,0.44
12472648.0,0.05,0.01,0.44,0.05,0.01,0.44
12481912.0,0.05,0.01,0.44,0.05,0.01,0.44
12491576.0,0.05,0.01,0.44,0.05,0.01,0.44
12502160.0,0.05,0.01,0.44,0.05,0.01,0.44
12512572.0,0.05,0.01,0.44,0.05,0.01,0.44
12522860.0,0.05,0.01,0.44,0.05,0.01,0.44
12531656.0,0.05,0.01,0.44,0.05,0.01,0.44
12541412.0,0.05,0.01,0.44,0.05,0.01,0.44
12551988.0,0.05,0.01,0.44,0.05,0.01,0.44
12562528.0,0.05,0.01,0.44,0.05,0.01,0.44
12572512.0,0.05,0.01,0.44,0.05,0.01,0.44
12581216.0,0.05,0.01,0.44,0.05,0.01,0.44
12591180.0,0.05,0.01,0.44,0.05,0.01,0.44
12601964.0,0.05,0.01,0.44,0.05,0.01,0.44
12612480.0,0.05,0.01,0.44,0.05,0.01,0.44
12622492.0,0.05,0.01,0.44,0.05,0.01,0.44
12631268.0,0.05,0.01,0.44,0.05,0.01,0.44
12641184.0,0.05,0.01,0.44,0.05,0.01,0.44
12651956.0,0.05,0.01,0.44,0.05,0.01,0.44
12662496.0,0.05,0.01,0.44,0.05,0.01,0.44
12672540.0,0.05,0.01,0.44,0.05,0.01,0.44
12681192.0,0.05,0.01,0.44,0.05,0.01,0.44
12691348.0,0.05,0.01,0.44,0.05,0.01,0.44
12702024.0,0.05,0.01,0.44,0.05,0.01,0.44
12712760.0,0.05,0.01,0.44,0.05,0.01,0.45
12722728.0,0.05,0.01,0.44,0.05,0.01,0.45
12731384.0,0.05,0.01,0.44,0.05,0.01,0.45
12741316.0,0.05,0.01,0.44,0.04,0.01,0.45
12752108.0,0.05,0.01,0.44,0.04,0.01,0.45
12762616.0,0.05,0.01,0.44,0.04,0.01,0.45
12772660.0,0.05,0.01,0.44,0.04,0.01,0.45
12781468.0,0.05,0.01,0.44,0.04,0.01,0.45
12791400.0,0.05,0.01,0.44,0.04,0.01,0.45
12802196.0,0.05,0.01,0.44,0.04,0.01,0.45
12812724.0,0.05,0.01,0.44,0.04,0.01,0.45
12822736.0,0.05,0.01,0.44,0.04,0.01,0.45
12831376.0,0.05,0.01,0.44,0.04,0.01,0.45
12841516.0,0.05,0.01,0.44,0.04,0.01,0.45
12851856.0,0.05,0.01,0.44,0.04,0.01,0.45
12862620.0,0.05,0.01,0.44,0.04,0.01,0.45
12872780.0,0.05,0.01,0.44,0.04,0.01,0.45
12881508.0,0.05,0.01,0.44,0.04,0.01,0.45
12891620.0,0.05,0.01,0.44,0.04,0.01,0.45
12902344.0,0.05,0.01,0.44,0.04,0.01,0.45
12912844.0,0.05,0.01,0.44,0.04,0.01,0.45
12922844.0,0.05,0.01,0.44,0.04,0.01,0.45
12931492.0,0.05,0.01,0.44,0.04,0.01,0.45
12941604.0,0.05,0.01,0.44,0.04,0.01,0.45
12951768.0,0.05,0.01,0.44,0.04,0.01,0.45
12962644.0,0.05,0.01,0.44,0.04,0.01,0.45
12972800.0,0.05,0.01,0.44,0.04,0.01,0.45
12981552.0,0.05,0.01,0.44,0.04,0.01,0.45
12991696.0,0.05,0.01,0.44,0.04,0.01,0.45
13002184.0,0.05,0.01,0.44,0.04,0.02,0.45
13012904.0,0.05,0.01,0.44,0.04,0.02,0.44
13022964.0,0.05,0.01,0.44,0.04,0.02,0.44
13031616.0,0.05,0.01,0.44,0.04,0.02,0.44
13041752.0,0.05,0.01,0.44,0.04,0.02,0.44
13051856.0,0.05,0.01,0.44,0.04,0.02,0.44
13062760.0,0.05,0.01,0.44,0.04,0.03,0.44
13072912.0,0.05,0.02,0.44,0.04,0.03,0.44
13081728.0,0.05,0.02,0.44,0.04,0.03,0.44
13091868.0,0.05,0.02,0.44,0.04,0.03,0.44
13102076.0,0.05,0.02,0.44,0.04,0.04,0.44
13112264.0,0.05,0.02,0.44,0.04,0.04,0.44
13121216.0,0.05,0.02,0.44,0.04,0.04,0.44
13129740.0,0.05,0.02,0.44,0.04,0.05,0.44
13139756.0,0.05,0.02,0.44,0.04,0.05,0.44
13149764.0,0.05,0.02,0.44,0.04,0.05,0.44
13159764.0,0.05,0.02,0.44,0.03,0.05,0.44
13168280.0,0.05,0.02,0.44,0.03,0.06,0.44
13177244.0,0.05,0.02,0.44,0.03,0.06,0.44
13186316.0,0.05,0.02,0.44,0.03,0.06,0.44
13194828.0,0.05,0.02,0.44,0.02,0.06,0.44
13204744.0,0.05,0.02,0.44,0.02,0.06,0.44
13214692.0,0.05,0.02,0.44,0.02,0.07,0.44
13224612.0,0.05,0.02,0.44,0.01,0.07,0.44
13233284.0,0.05,0.02,0.44,0.01,0.07,0.44
13242620.0,0.05,0.02,0.44,0.01,0.07,0.44
13252580.0,0.05,0.02,0.44,0.01,0.07,0.44
13263160.0,0.05,0.02,0.44,0.01,0.07,0.44
13273216.0,0.05,0.02,0.44,0.01,0.07,0.44
13282212.0,0.05,0.02,0.44,0.0,0.07,0.44
13292056.0,0.05,0.02,0.44,0.0,0.07,0.44
13302008.0,0.05,0.02,0.44,-0.0,0.07,0.44
13312348.0,0.05,0.02,0.44,-0.0,0.07,0.44
13321308.0,0.05,0.02,0.44,-0.0,0.07,0.44
13329820.0,0.05,0.02,0.44,-0.01,0.07,0.44
13339856.0,0.05,0.02,0.44,-0.01,0.07,0.44
13349840.0,0.05,0.02,0.44,-0.01,0.07,0.44
13359880.0,0.05,0.02,0.44,-0.01,0.07,0.44
13368428.0,0.05,0.02,0.44,-0.01,0.07,0.44
13377736.0,0.05,0.02,0.44,-0.01,0.07,0.44
13386736.0,0.05,0.02,0.44,-0.01,0.06,0.44
13395252.0,0.05,0.02,0.44,-0.01,0.06,0.44
13405220.0,0.05,0.02,0.44,-0.01,0.06,0.44
13415204.0,0.05,0.02,0.44,-0.01,0.07,0.44
13425168.0,0.05,0.02,0.44,-0.02,0.07,0.44
13433676.0,0.05,0.02,0.44,-0.02,0.07,0.44
13442952.0,0.05,0.02,0.44,-0.02,0.06,0.44
13452496.0,0.05,0.02,0.44,-0.02,0.06,0.44
13462516.0,0.05,0.02,0.44,-0.02,0.06,0.44
13471208.0,0.05,0.02,0.44,-0.02,0.07,0.44
13479720.0,0.05,0.02,0.44,-0.02,0.06,0.44
13489984.0,0.05,0.02,0.44,-0.02,0.06,0.44
13500004.0,0.05,0.02,0.44,-0.02,0.06,0.44
13510188.0,0.05,0.02,0.44,-0.02,0.06,0.44
13518736.0,0.05,0.02,0.44,-0.02,0.07,0.44
13528264.0,0.05,0.02,0.44,-0.02,0.07,0.44
13536768.0,0.05,0.02,0.44,-0.02,0.07,0.44
13545268.0,0.05,0.02,0.44,-0.02,0.07,0.44
13553784.0,0.05,0.02,0.44,-0.02,0.07,0.44
13563360.0,0.05,0.02,0.44,-0.02,0.07,0.44
13572072.0,0.05,0.02,0.44,-0.02,0.07,0.44
13580584.0,0.05,0.02,0.44,-0.02,0.07,0.44
13590596.0,0.05,0.02,0.44,-0.01,0.07,0.44
13600568.0,0.05,0.02,0.44,-0.01,0.07,0.44
13610664.0,0.05,0.02,0.44,-0.01,0.07,0.44
13619232.0,0.05,0.02,0.44,-0.01,0.07,0.44
13628772.0,0.05,0.02,0.44,-0.01,0.07,0.44
13637596.0,0.05,0.02,0.44,-0.01,0.07,0.44
13646120.0,0.05,0.02,0.44,-0.01,0.07,0.44
13656132.0,0.05,0.02,0.44,-0.01,0.06,0.44
13666120.0,0.05,0.02,0.44,-0.0,0.06,0.44
13676092.0,0.05,0.02,0.44,-0.0,0.06,0.44
13684600.0,0.05,0.02,0.44,-0.0,0.06,0.44
13693484.0,0.05,0.02,0.44,0.0,0.06,0.44
13702960.0,0.05,0.02,0.44,0.0,0.06,0.44
13712920.0,0.05,0.02,0.44,0.0,0.06,0.44
13721428.0,0.05,0.02,0.44,0.01,0.06,0.44
13729960.0,0.05,0.02,0.44,0.01,0.06,0.44
13739808.0,0.05,0.02,0.44,0.01,0.06,0.44
13749972.0,0.05,0.02,0.44,0.01,0.06,0.44
13760732.0,0.05,0.02,0.44,0.01,0.06,0.44
13769576.0,0.05,0.02,0.44,0.01,0.06,0.44
13779316.0,0.05,0.02,0.44,0.02,0.06,0.44
13788784.0,0.05,0.02,0.44,0.02,0.06,0.44
13798184.0,0.05,0.02,0.44,0.02,0.06,0.44
13809588.0,0.05,0.02,0.44,0.02,0.06,0.44
13819136.0,0.05,0.02,0.44,0.02,0.05,0.44
13829132.0,0.05,0.02,0.44,0.03,0.05,0.44
13839032.0,0.05,0.02,0.44,0.03,0.05,0.44
13848908.0,0.05,0.02,0.44,0.03,0.05,0.44
13859984.0,0.05,0.02,0.44,0.03,0.05,0.44
13869552.0,0.05,0.02,0.44,0.03,0.05,0.44
13879432.0,0.05,0.02,0.44,0.04,0.05,0.44
13889420.0,0.05,0.02,0.44,0.04,0.05,0.44
13899428.0,0.05,0.02,0.44,0.04,0.05,0.44
13910824.0,0.05,0.02,0.44,0.04,0.05,0.44
13920048.0,0.05,0.02,0.44,0.04,0.04,0.44
13929732.0,0.05,0.02,0.44,0.05,0.04,0.44
13939736.0,0.05,0.02,0.44,0.05,0.04,0.44
13949720.0,0.05,0.02,0.44,0.05,0.04,0.44
13961012.0,0.05,0.02,0.44,0.05,0.04,0.44
13970244.0,0.05,0.02,0.44,0.05,0.04,0.44
13979956.0,0.05,0.02,0.44,0.06,0.04,0.44
13989788.0,0.05,0.02,0.44,0.06,0.04,0.44
13999796.0,0.05,0.02,0.44,0.06,0.03,0.44
14011196.0,0.05,0.02,0.44,0.06,0.03,0.44
14020536.0,0.05,0.02,0.44,0.06,0.03,0.44
14030208.0,0.05,0.02,0.44,0.06,0.03,0.44
14039996.0,0.05,0.02,0.44,0.06,0.03,0.44
14049996.0,0.05,0.02,0.44,0.07,0.03,0.44
14061380.0,0.05,0.02,0.44,0.07,0.02,0.44
14070720.0,0.05,0.02,0.44,0.07,0.02,0.44
14080384.0,0.05,0.02,0.44,0.07,0.02,0.44
14090356.0,0.05,0.02,0.44,0.07,0.02,0.44
14100308.0,0.05,0.02,0.44,0.07,0.02,0.44
14111660.0,0.05,0.02,0.44,0.07,0.01,0.44
14121000.0,0.05,0.02,0.44,0.07,0.01,0.44
14130676.0,0.05,0.02,0.44,0.07,0.01,0.44
14140700.0,0.05,0.02,0.44,0.07,0.01,0.44
14150676.0,0.05,0.02,0.44,0.07,0.01,0.44
14161944.0,0.05,0.02,0.44,0.07,0.01,0.44
14171280.0,0.05,0.02,0.44,0.07,0.0,0.44
14180980.0,0.05,0.02,0.44,0.07,0.0,0.44
14191028.0,0.05,0.02,0.44,0.07,0.0,0.44
14201056.0,0.05,0.02,0.44,0.07,-0.0,0.44
14212308.0,0.05,0.02,0.44,0.07,-0.0,0.44
14221544.0,0.05,0.02,0.44,0.07,-0.0,0.44
14231280.0,0.05,0.02,0.44,0.07,-0.01,0.44
14241324.0,0.05,0.02,0.44,0.06,-0.01,0.44
14251340.0,0.05,0.02,0.44,0.07,-0.01,0.44
14262544.0,0.05,0.02,0.44,0.07,-0.01,0.44
14271812.0,0.05,0.02,0.44,0.07,-0.01,0.44
14281604.0,0.05,0.02,0.44,0.07,-0.01,0.44
14291644.0,0.05,0.02,0.44,0.07,-0.01,0.44
14301644.0,0.05,0.02,0.44,0.07,-0.01,0.44
14313180.0,0.05,0.02,0.44,0.07,-0.01,0.44
14322296.0,0.05,0.02,0.44,0.07,-0.01,0.44
14331972.0,0.05,0.02,0.44,0.07,-0.01,0.44
14341956.0,0.05,0.02,0.44,0.07,-0.01,0.44
14351960.0,0.05,0.02,0.44,0.07,-0.01,0.44
14363216.0,0.05,0.02,0.44,0.07,-0.01,0.44
14372332.0,0.05,0.02,0.44,0.07,-0.01,0.44
14382156.0,0.05,0.02,0.44,0.07,-0.01,0.44
14392164.0,0.05,0.02,0.44,0.07,-0.01,0.44
14402204.0,0.05,0.02,0.44,0.07,-0.01,0.44
14413444.0,0.05,0.02,0.44,0.07,-0.01,0.44
14422552.0,0.05,0.02,0.44,0.07,-0.01,0.44
14432328.0,0.06,0.02,0.44,0.07,-0.01,0.44
14442328.0,0.06,0.02,0.44,0.08,-0.01,0.44
14452352.0,0.06,0.02,0.44,0.08,-0.02,0.44
14463532.0,0.06,0.02,0.44,0.08,-0.02,0.43
14472980.0,0.06,0.02,0.44,0.08,-0.02,0.43
14482988.0,0.06,0.02,0.44,0.08,-0.02,0.43
14493124.0,0.06,0.02,0.44,0.09,-0.02,0.43
14503220.0,0.06,0.02,0.44,0.09,-0.02,0.43
14513972.0,0.06,0.02,0.44,0.09,-0.02,0.43
14523264.0,0.06,0.02,0.44,0.1,-0.02,0.43
14533140.0,0.06,0.02,0.44,0.1,-0.02,0.43
14543304.0,0.06,0.02,0.44,0.1,-0.02,0.42
14553388.0,0.06,0.02,0.44,0.1,-0.02,0.42
14564036.0,0.06,0.02,0.44,0.11,-0.03,0.42
14573432.0,0.06,0.02,0.44,0.11,-0.03,0.42
14583436.0,0.06,0.02,0.44,0.12,-0.03,0.41
14593384.0,0.06,0.02,0.44,0.12,-0.03,0.41
14603364.0,0.06,0.02,0.44,0.13,-0.03,0.41
14614088.0,0.06,0.02,0.44,0.13,-0.03,0.4
14623472.0,0.06,0.02,0.44,0.14,-0.04,0.4
14633504.0,0.06,0.02,0.44,0.14,-0.04,0.4
14643464.0,0.06,0.02,0.44,0.15,-0.04,0.39
14653416.0,0.06,0.02,0.44,0.15,-0.04,0.39
14664136.0,0.06,0.02,0.44,0.15,-0.04,0.38
14673552.0,0.06,0.02,0.44,0.16,-0.04,0.38
14683448.0,0.05,0.02,0.44,0.16,-0.04,0.38
14693416.0,0.05,0.02,0.44,0.17,-0.04,0.37
14703372.0,0.05,0.02,0.44,0.17,-0.04,0.37
14714360.0,0.05,0.02,0.44,0.17,-0.05,0.36
14723900.0,0.05,0.02,0.44,0.18,-0.05,0.35
14733624.0,0.05,0.02,0.44,0.18,-0.05,0.35
14743592.0,0.05,0.02,0.44,0.19,-0.05,0.34
14753564.0,0.05,0.02,0.44,0.19,-0.05,0.34
14764388.0,0.05,0.02,0.44,0.19,-0.05,0.33
14774048.0,0.05,0.01,0.44,0.19,-0.05,0.33
14783964.0,0.05,0.01,0.44,0.2,-0.05,0.32
14793720.0,0.05,0.01,0.44,0.2,-0.05,0.31
14803604.0,0.05,0.01,0.44,0.2,-0.05,0.31
14814560.0,0.05,0.01,0.44,0.21,-0.05,0.3
14824380.0,0.05,0.01,0.44,0.21,-0.05,0.29
14834304.0,0.05,0.01,0.44,0.21,-0.05,0.29
14843860.0,0.05,0.01,0.44,0.21,-0.05,0.28
14853696.0,0.05,0.01,0.44,0.21,-0.05,0.28
14864664.0,0.05,0.01,0.44,0.22,-0.05,0.27
14874444.0,0.05,0.01,0.44,0.22,-0.05,0.27
14884376.0,0.05,0.01,0.45,0.22,-0.05,0.26
14893928.0,0.04,0.01,0.45,0.22,-0.05,0.26
14903792.0,0.04,0.01,0.45,0.22,-0.05,0.25
14914756.0,0.04,0.01,0.45,0.22,-0.05,0.25
14924540.0,0.04,0.01,0.45,0.22,-0.05,0.24
14934756.0,0.04,0.01,0.45,0.22,-0.05,0.24
14944296.0,0.04,0.01,0.45,0.22,-0.04,0.24
14954064.0,0.04,0.01,0.45,0.22,-0.04,0.23
14964860.0,0.04,0.01,0.45,0.22,-0.04,0.23
14974788.0,0.04,0.01,0.45,0.22,-0.04,0.22
14984932.0,0.04,0.01,0.45,0.22,-0.04,0.22
14994428.0,0.04,0.01,0.45,0.22,-0.04,0.22
15004024.0,0.04,0.02,0.45,0.22,-0.04,0.22
15014860.0,0.04,0.02,0.45,0.22,-0.04,0.21
15024864.0,0.04,0.02,0.45,0.22,-0.04,0.21
15035092.0,0.04,0.02,0.45,0.22,-0.04,0.21
15044516.0,0.04,0.02,0.45,0.22,-0.04,0.21
15054120.0,0.04,0.02,0.44,0.22,-0.04,0.21
15064920.0,0.04,0.02,0.44,0.22,-0.04,0.21
15075044.0,0.04,0.03,0.44,0.22,-0.04,0.21
15085160.0,0.04,0.03,0.44,0.22,-0.04,0.21
15094576.0,0.05,0.03,0.44,0.22,-0.04,0.21
15104212.0,0.05,0.03,0.44,0.22,-0.04,0.21
15115016.0,0.05,0.03,0.44,0.22,-0.04,0.21
15125212.0,0.05,0.03,0.44,0.22,-0.04,0.21
15135292.0,0.05,0.03,0.44,0.22,-0.04,0.21
15144700.0,0.05,0.03,0.44,0.22,-0.04,0.21
15154284.0,0.05,0.03,0.44,0.22,-0.04,0.21
15165028.0,0.05,0.03,0.44,0.22,-0.04,0.21
15175256.0,0.05,0.03,0.44,0.22,-0.04,0.21
15185572.0,0.05,0.03,0.44,0.22,-0.04,0.21
15194856.0,0.05,0.03,0.44,0.22,-0.04,0.21
15204484.0,0.05,0.03,0.44,0.22,-0.04,0.21
15215184.0,0.05,0.03,0.44,0.22,-0.04,0.21
15225328.0,0.05,0.03,0.44,0.22,-0.04,0.21
15235600.0,0.05,0.03,0.44,0.22,-0.04,0.21
15244832.0,0.05,0.03,0.44,0.22,-0.04,0.21
15254404.0,0.05,0.03,0.44,0.22,-0.04,0.21
15265172.0,0.05,0.03,0.44,0.22,-0.04,0.21
15275380.0,0.05,0.03,0.44,0.22,-0.04,0.21
15285400.0,0.05,0.03,0.44,0.22,-0.04,0.21
15294772.0,0.05,0.02,0.44,0.22,-0.04,0.21
15304348.0,0.05,0.02,0.44,0.22,-0.04,0.21
15315004.0,0.05,0.02,0.44,0.22,-0.04,0.21
15325216.0,0.04,0.02,0.44,0.22,-0.04,0.21
15335468.0,0.04,0.02,0.44,0.22,-0.04,0.21
15344852.0,0.04,0.02,0.44,0.22,-0.04,0.21
15354428.0,0.04,0.02,0.44,0.22,-0.04,0.21
15365292.0,0.04,0.02,0.44,0.22,-0.04,0.21
15375508.0,0.04,0.02,0.44,0.22,-0.04,0.21
15385504.0,0.05,0.02,0.44,0.22,-0.04,0.21
15394892.0,0.04,0.02,0.44,0.22,-0.04,0.22
15404464.0,0.05,0.02,0.44,0.22,-0.04,0.22
15415348.0,0.05,0.02,0.44,0.22,-0.04,0.22
15425548.0,0.05,0.02,0.44,0.22,-0.04,0.22
15435572.0,0.05,0.02,0.44,0.22,-0.04,0.22
15444952.0,0.05,0.02,0.44,0.22,-0.04,0.23
15454532.0,0.05,0.02,0.44,0.22,-0.04,0.23
15464620.0,0.05,0.02,0.44,0.22,-0.04,0.23
15474780.0,0.05,0.02,0.44,0.22,-0.04,0.23
15484968.0,0.05,0.02,0.44,0.22,-0.04,0.24
15494544.0,0.05,0.02,0.44,0.22,-0.04,0.24
15504420.0,0.05,0.02,0.44,0.22,-0.04,0.24
15514536.0,0.05,0.02,0.44,0.22,-0.04,0.24
15524528.0,0.05,0.02,0.44,0.22,-0.04,0.25
15534556.0,0.05,0.02,0.44,0.22,-0.04,0.25
15544432.0,0.05,0.02,0.44,0.22,-0.04,0.26
15554352.0,0.05,0.02,0.44,0.22,-0.04,0.26
15564656.0,0.05,0.02,0.44,0.22,-0.04,0.27
15574876.0,0.05,0.02,0.44,0.22,-0.04,0.27
15585052.0,0.05,0.02,0.44,0.22,-0.04,0.27
15594652.0,0.05,0.02,0.44,0.22,-0.04,0.28
15604500.0,0.05,0.02,0.44,0.21,-0.04,0.28
15614644.0,0.05,0.02,0.44,0.21,-0.04,0.29
15624608.0,0.05,0.02,0.44,0.21,-0.04,0.29
15634372.0,0.05,0.02,0.44,0.21,-0.04,0.3
15644536.0,0.05,0.02,0.44,0.21,-0.04,0.3
15654480.0,0.05,0.02,0.44,0.2,-0.04,0.31
15664588.0,0.05,0.02,0.44,0.2,-0.04,0.32
15673904.0,0.05,0.02,0.44,0.2,-0.04,0.32
15682672.0,0.05,0.02,0.44,0.2,-0.04,0.33
15692660.0,0.05,0.02,0.44,0.19,-0.04,0.34
15702684.0,0.05,0.02,0.44,0.19,-0.04,0.34
15712732.0,0.05,0.02,0.44,0.19,-0.04,0.35
15721264.0,0.05,0.02,0.44,0.18,-0.04,0.35
15729804.0,0.05,0.02,0.44,0.18,-0.04,0.36
15739092.0,0.05,0.02,0.44,0.18,-0.04,0.36
15747864.0,0.05,0.02,0.44,0.17,-0.04,0.37
15756384.0,0.05,0.02,0.44,0.17,-0.04,0.37
15765692.0,0.05,0.02,0.44,0.17,-0.04,0.37
15775852.0,0.05,0.02,0.44,0.16,-0.04,0.38
15785864.0,0.05,0.02,0.44,0.16,-0.04,0.38
15795268.0,0.05,0.02,0.44,0.15,-0.03,0.39
15804860.0,0.05,0.02,0.44,0.15,-0.03,0.39
15814932.0,0.05,0.02,0.44,0.14,-0.03,0.4
15823812.0,0.05,0.02,0.44,0.14,-0.03,0.4
15832316.0,0.05,0.02,0.44,0.13,-0.03,0.41
15841944.0,0.05,0.02,0.44,0.13,-0.03,0.41
15851988.0,0.05,0.02,0.44,0.12,-0.03,0.41
15861996.0,0.05,0.02,0.44,0.12,-0.02,0.42
15870536.0,0.05,0.02,0.44,0.11,-0.02,0.42
15879608.0,0.05,0.02,0.44,0.11,-0.02,0.42
15889660.0,0.05,0.02,0.44,0.1,-0.02,0.42
15898204.0,0.05,0.02,0.44,0.1,-0.02,0.43
15906728.0,0.05,0.02,0.44,0.1,-0.02,0.43
15916040.0,0.05,0.02,0.44,0.09,-0.02,0.43
15926020.0,0.05,0.02,0.44,0.09,-0.02,0.43
15936164.0,0.05,0.02,0.44,0.09,-0.02,0.43
15945556.0,0.05,0.02,0.44,0.08,-0.01,0.43
15955124.0,0.05,0.02,0.44,0.08,-0.01,0.43
15965140.0,0.05,0.02,0.44,0.08,-0.01,0.44
15973668.0,0.05,0.02,0.44,0.07,-0.01,0.44
15982200.0,0.05,0.02,0.44,0.07,-0.01,0.44
15992184.0,0.05,0.02,0.44,0.07,-0.01,0.44
16002224.0,0.05,0.02,0.44,0.06,-0.01,0.44
16012236.0,0.05,0.02,0.44,0.06,-0.01,0.44
16020764.0,0.05,0.02,0.44,0.06,-0.01,0.44
16030036.0,0.05,0.02,0.44,0.06,-0.01,0.44
16040920.0,0.05,0.02,0.44,0.06,-0.01,0.44
16050244.0,0.05,0.02,0.44,0.06,-0.01,0.44
16058780.0,0.05,0.02,0.44,0.05,-0.01,0.44
16068600.0,0.05,0.02,0.44,0.05,-0.01,0.44
16078560.0,0.05,0.02,0.44,0.05,-0.01,0.44
16088532.0,0.05,0.02,0.44,0.05,-0.01,0.44
16097064.0,0.05,0.02,0.44,0.05,-0.01,0.44
16106164.0,0.05,0.02,0.44,0.05,-0.01,0.44
16115856.0,0.05,0.02,0.44,0.05,-0.01,0.45
16124384.0,0.05,0.02,0.44,0.04,-0.01,0.45
16132904.0,0.05,0.02,0.44,0.04,-0.01,0.45
16142948.0,0.05,0.02,0.44,0.04,-0.01,0.45
16152964.0,0.05,0.02,0.44,0.04,-0.01,0.45
16163032.0,0.05,0.02,0.44,0.04,-0.01,0.45
16171556.0,0.05,0.02,0.44,0.04,-0.01,0.45
16180828.0,0.05,0.02,0.44,0.04,-0.01,0.45
16192028.0,0.05,0.02,0.44,0.04,-0.01,0.45
16202256.0,0.05,0.02,0.44,0.04,-0.01,0.45
16212468.0,0.05,0.02,0.44,0.04,-0.0,0.45
16221352.0,0.05,0.02,0.44,0.04,-0.0,0.45
16230808.0,0.05,0.02,0.44,0.04,-0.0,0.45
16242212.0,0.05,0.02,0.44,0.04,-0.0,0.45
16252704.0,0.05,0.02,0.44,0.04,-0.0,0.45
16263056.0,0.05,0.02,0.44,0.04,-0.0,0.45
16271772.0,0.05,0.02,0.44,0.04,-0.0,0.45
16281092.0,0.05,0.02,0.44,0.04,-0.0,0.45
16292472.0,0.05,0.02,0.44,0.04,-0.0,0.45
16302612.0,0.05,0.02,0.44,0.04,-0.0,0.45
16312868.0,0.05,0.02,0.44,0.03,-0.0,0.45
16321744.0,0.05,0.02,0.44,0.03,-0.0,0.45
16331328.0,0.05,0.02,0.44,0.03,-0.0,0.45
16341516.0,0.05,0.02,0.44,0.03,-0.0,0.45
16351140.0,0.05,0.02,0.44,0.03,-0.0,0.45
16362480.0,0.05,0.02,0.44,0.03,-0.0,0.45
16371752.0,0.05,0.02,0.44,0.03,-0.0,0.45
16381320.0,0.05,0.02,0.44,0.03,-0.0,0.45
16392828.0,0.05,0.02,0.44,0.03,-0.0,0.45
16403468.0,0.05,0.02,0.44,0.03,-0.0,0.45
16413772.0,0.05,0.02,0.44,0.03,-0.0,0.45
16422532.0,0.05,0.02,0.44,0.03,-0.0,0.45
16431916.0,0.05,0.02,0.44,0.03,-0.0,0.45
16443116.0,0.05,0.02,0.44,0.03,-0.0,0.45
16453424.0,0.05,0.02,0.44,0.03,-0.0,0.45
16463648.0,0.05,0.02,0.44,0.03,-0.0,0.45
16472556.0,0.05,0.02,0.44,0.03,-0.0,0.45
16482064.0,0.05,0.02,0.44,0.03,-0.0,0.45
16493200.0,0.05,0.02,0.44,0.03,-0.0,0.45
16503436.0,0.05,0.02,0.44,0.03,-0.0,0.45
16513728.0,0.05,0.02,0.44,0.03,-0.0,0.45
16522844.0,0.05,0.02,0.44,0.03,-0.0,0.45
16532312.0,0.05,0.02,0.44,0.03,-0.0,0.45
16542052.0,0.05,0.02,0.44,0.03,-0.0,0.45
16551072.0,0.05,0.02,0.44,0.03,-0.0,0.45
16559604.0,0.05,0.02,0.44,0.03,-0.0,0.45
16569512.0,0.05,0.02,0.44,0.03,-0.0,0.45
16579504.0,0.05,0.02,0.44,0.03,-0.0,0.45
16589516.0,0.04,0.02,0.44,0.03,-0.0,0.45
16598072.0,0.04,0.02,0.44,0.03,-0.0,0.45
16606792.0,0.04,0.03,0.44,0.03,-0.0,0.45
16616380.0,0.04,0.03,0.44,0.03,-0.0,0.45
16624928.0,0.04,0.03,0.44,0.03,-0.0,0.45
16633544.0,0.04,0.03,0.44,0.03,-0.0,0.45
16643124.0,0.04,0.03,0.44,0.03,-0.0,0.45
16653188.0,0.04,0.03,0.44,0.03,-0.0,0.45
16663288.0,0.04,0.03,0.45,0.03,-0.0,0.45
16672908.0,0.03,0.03,0.45,0.03,0.0,0.45
16682620.0,0.03,0.03,0.45,0.03,0.0,0.45
16694108.0,0.03,0.03,0.45,0.03,0.0,0.45
16704156.0,0.03,0.03,0.45,0.03,0.0,0.45
16714220.0,0.03,0.03,0.45,0.03,0.0,0.45
16723484.0,0.03,0.03,0.45,0.03,0.0,0.45
16733104.0,0.02,0.03,0.45,0.03,0.0,0.45
16743020.0,0.02,0.03,0.45,0.03,0.0,0.45
16752760.0,0.02,0.03,0.45,0.03,0.0,0.45
16762132.0,0.02,0.03,0.45,0.03,0.0,0.45
16772124.0,0.02,0.03,0.45,0.03,0.0,0.45
16782096.0,0.02,0.03,0.45,0.03,0.0,0.45
16792352.0,0.02,0.03,0.45,0.03,0.0,0.45
16802324.0,0.02,0.03,0.45,0.03,0.0,0.45
16812156.0,0.01,0.03,0.45,0.03,0.0,0.45
16822132.0,0.01,0.03,0.45,0.03,0.0,0.45
16832116.0,0.01,0.02,0.45,0.03,0.0,0.45
16842104.0,0.01,0.02,0.45,0.03,0.0,0.45
16850976.0,0.01,0.02,0.45,0.03,0.0,0.45
16859508.0,0.01,0.02,0.45,0.03,0.0,0.45
16868060.0,0.01,0.02,0.45,0.03,0.0,0.45
16876772.0,0.01,0.02,0.45,0.03,0.0,0.45
16885300.0,0.01,0.02,0.45,0.03,0.0,0.45
16895916.0,0.01,0.02,0.45,0.03,0.0,0.45
16906012.0,0.01,0.02,0.45,0.03,0.0,0.45
16916268.0,0.0,0.02,0.45,0.03,0.0,0.45
16924888.0,0.0,0.02,0.45,0.04,0.0,0.45
16934236.0,0.0,0.02,0.45,0.04,0.0,0.45
16944296.0,0.0,0.02,0.45,0.04,0.0,0.45
16954308.0,0.0,0.02,0.45,0.04,0.0,0.45
16964292.0,0.0,0.02,0.45,0.04,0.0,0.45
16974004.0,0.0,0.02,0.45,0.04,0.0,0.45
16983828.0,0.0,0.02,0.45,0.04,0.0,0.45
16994888.0,0.0,0.02,0.45,0.04,0.0,0.45
17004876.0,0.0,0.02,0.45,0.04,0.0,0.45
17014932.0,0.0,0.02,0.45,0.04,0.0,0.45
17024540.0,0.0,0.02,0.45,0.04,0.0,0.45
17034284.0,0.0,0.02,0.45,0.04,0.0,0.45
17044744.0,0.0,0.02,0.45,0.04,0.0,0.45
17054776.0,0.0,0.02,0.45,0.04,0.0,0.45
17064796.0,0.0,0.02,0.45,0.04,0.0,0.45
17074540.0,0.0,0.03,0.45,0.04,0.0,0.45
17084368.0,0.0,0.03,0.45,0.04,0.0,0.45
17096088.0,0.0,0.03,0.45,0.04,0.0,0.45
17106200.0,0.0,0.03,0.45,0.04,0.0,0.45
17116464.0,0.0,0.03,0.45,0.04,0.0,0.45
17125572.0,-0.0,0.03,0.45,0.04,0.0,0.45
17135064.0,-0.0,0.03,0.45,0.04,0.0,0.45
17146376.0,-0.0,0.03,0.45,0.04,0.0,0.45
17156424.0,-0.0,0.03,0.45,0.04,0.0,0.45
17166616.0,-0.0,0.03,0.45,0.04,0.0,0.45
17175724.0,-0.0,0.03,0.45,0.04,0.0,0.45
17185364.0,-0.0,0.03,0.45,0.04,0.0,0.45
17196448.0,-0.0,0.03,0.45,0.04,0.0,0.45
17206440.0,-0.0,0.03,0.45,0.04,0.0,0.45
17216636.0,-0.0,0.03,0.45,0.04,0.0,0.45
17225824.0,0.0,0.03,0.45,0.04,0.0,0.45
17235456.0,0.0,0.03,0.45,0.04,0.0,0.45
17246640.0,0.0,0.03,0.45,0.04,0.0,0.45
17256564.0,0.0,0.03,0.45,0.04,0.0,0.45
17266772.0,0.0,0.04,0.45,0.04,0.0,0.45
17275864.0,0.0,0.04,0.45,0.04,0.0,0.45
17285416.0,0.0,0.04,0.45,0.04,0.0,0.45
17296728.0,0.01,0.04,0.45,0.04,0.0,0.45
17306724.0,0.01,0.04,0.45,0.04,0.0,0.45
17316916.0,0.01,0.04,0.45,0.04,0.0,0.45
17326388.0,0.01,0.04,0.45,0.04,0.0,0.45
17335992.0,0.01,0.04,0.45,0.04,0.0,0.45
17347016.0,0.02,0.04,0.44,0.04,0.0,0.45
17356700.0,0.02,0.05,0.44,0.04,0.0,0.45
17366888.0,0.02,0.05,0.44,0.04,0.0,0.45
17376456.0,0.03,0.05,0.44,0.04,0.0,0.45
17386016.0,0.03,0.05,0.44,0.04,0.0,0.45
17397132.0,0.03,0.04,0.44,0.04,0.0,0.45
17406960.0,0.04,0.04,0.44,0.04,0.0,0.45
17417072.0,0.04,0.04,0.44,0.04,0.0,0.45
17426996.0,0.04,0.04,0.44,0.04,0.0,0.45
17437324.0,0.05,0.04,0.44,0.04,0.0,0.45
17447488.0,0.05,0.04,0.44,0.04,0.0,0.45
17457236.0,0.05,0.04,0.44,0.04,0.0,0.45
17467136.0,0.05,0.04,0.44,0.04,0.0,0.45
17476840.0,0.06,0.04,0.44,0.04,0.0,0.45
17486608.0,0.06,0.04,0.44,0.04,0.0,0.45
17497464.0,0.06,0.04,0.44,0.04,0.0,0.45
17507364.0,0.06,0.04,0.44,0.04,0.0,0.45
17517256.0,0.07,0.04,0.44,0.04,0.0,0.45
17526908.0,0.07,0.04,0.44,0.04,0.0,0.45
17536804.0,0.07,0.03,0.44,0.04,0.0,0.45
17547604.0,0.07,0.03,0.44,0.04,0.0,0.45
17557360.0,0.07,0.03,0.43,0.04,0.0,0.45
17567316.0,0.08,0.03,0.43,0.04,0.0,0.45
17576976.0,0.08,0.03,0.43,0.04,0.0,0.45
17586980.0,0.08,0.03,0.43,0.04,0.0,0.45
17597700.0,0.08,0.03,0.43,0.04,0.0,0.45
17607452.0,0.08,0.03,0.43,0.04,0.0,0.45
17617384.0,0.08,0.03,0.43,0.04,0.0,0.45
17627036.0,0.08,0.03,0.43,0.04,0.0,0.45
17637048.0,0.09,0.02,0.43,0.04,0.0,0.45
17647760.0,0.09,0.02,0.43,0.04,0.0,0.45
17657372.0,0.09,0.02,0.43,0.04,0.0,0.45
17667280.0,0.09,0.02,0.43,0.04,0.0,0.45
17677104.0,0.09,0.02,0.43,0.04,0.0,0.45
17687120.0,0.09,0.02,0.43,0.04,0.0,0.45
17697808.0,0.09,0.02,0.43,0.04,0.0,0.45
17707356.0,0.09,0.02,0.43,0.04,0.0,0.45
17717372.0,0.09,0.02,0.43,0.04,0.0,0.45
17727720.0,0.09,0.02,0.43,0.04,0.0,0.45
17738100.0,0.1,0.02,0.43,0.04,0.0,0.45
17748180.0,0.1,0.01,0.43,0.04,0.0,0.45
17757684.0,0.1,0.01,0.43,0.04,0.0,0.45
17767632.0,0.1,0.01,0.43,0.04,0.0,0.45
17778244.0,0.1,0.01,0.43,0.04,0.0,0.45
17788160.0,0.1,0.01,0.43,0.04,0.0,0.45
17798360.0,0.1,0.01,0.43,0.04,0.0,0.45
17807844.0,0.1,0.01,0.43,0.04,0.0,0.45
17817572.0,0.1,0.01,0.43,0.04,0.0,0.45
17828068.0,0.1,0.01,0.43,0.04,0.0,0.45
17838240.0,0.1,0.01,0.43,0.04,0.0,0.45
17848484.0,0.1,0.01,0.42,0.04,0.0,0.45
17857856.0,0.1,0.01,0.42,0.04,0.0,0.45
17867596.0,0.1,0.01,0.42,0.04,0.0,0.45
17878192.0,0.1,0.01,0.42,0.04,0.0,0.45
17888420.0,0.1,0.01,0.42,0.04,0.0,0.45
17898552.0,0.1,0.01,0.42,0.04,0.0,0.45
17907920.0,0.1,0.01,0.42,0.04,0.0,0.45
17917636.0,0.1,0.01,0.42,0.04,0.0,0.45
17927832.0,0.1,0.01,0.42,0.04,0.0,0.45
17938032.0,0.11,0.01,0.42,0.04,0.0,0.45
17948388.0,0.11,0.01,0.42,0.04,0.0,0.45
17957904.0,0.11,0.01,0.42,0.04,0.0,0.45
17967836.0,0.11,0.01,0.42,0.04,0.0,0.45
17977980.0,0.11,0.01,0.42,0.04,0.0,0.45
17988184.0,0.11,0.01,0.42,0.04,0.0,0.45
17998552.0,0.11,0.01,0.42,0.04,0.0,0.45
18008084.0,0.11,0.01,0.42,0.04,0.0,0.45
18017800.0,0.11,0.01,0.42,0.04,0.0,0.45
18028352.0,0.11,0.01,0.42,0.04,0.0,0.45
18038668.0,0.11,0.01,0.42,0.04,0.0,0.45
18048944.0,0.11,0.01,0.42,0.04,0.0,0.45
18058212.0,0.11,0.01,0.42,0.04,0.0,0.45
18067992.0,0.11,0.01,0.42,0.04,0.0,0.45
18078568.0,0.11,0.01,0.42,0.04,0.0,0.45
18088804.0,0.11,0.01,0.42,0.04,0.0,0.45
18099140.0,0.11,0.01,0.42,0.04,0.0,0.45
18108396.0,0.12,0.01,0.42,0.04,0.0,0.45
18118232.0,0.12,0.01,0.42,0.04,0.0,0.45
18128400.0,0.12,0.01,0.42,0.04,0.0,0.45
18138620.0,0.12,0.01,0.41,0.04,0.0,0.45
18148904.0,0.12,0.01,0.41,0.04,0.0,0.45
18158272.0,0.13,0.01,0.41,0.04,0.0,0.45
18168020.0,0.13,0.01,0.41,0.04,0.0,0.45
18178188.0,0.13,0.01,0.41,0.04,0.0,0.45
18188392.0,0.13,0.01,0.41,0.04,0.0,0.45
18198732.0,0.14,0.01,0.4,0.04,0.0,0.45
18208268.0,0.14,0.01,0.4,0.04,0.0,0.45
18218184.0,0.14,0.02,0.4,0.04,0.0,0.45
18228348.0,0.15,0.02,0.39,0.04,0.0,0.45
18238560.0,0.15,0.02,0.39,0.04,0.0,0.45
18248912.0,0.16,0.02,0.39,0.04,0.0,0.45
18258420.0,0.16,0.02,0.38,0.04,0.0,0.45
18268172.0,0.17,0.02,0.38,0.04,0.0,0.45
18278768.0,0.17,0.02,0.37,0.04,0.0,0.45
18289072.0,0.17,0.02,0.37,0.04,0.0,0.45
18299200.0,0.18,0.02,0.36,0.04,0.0,0.45
18308612.0,0.18,0.02,0.36,0.04,0.0,0.45
18318316.0,0.18,0.02,0.35,0.04,0.0,0.45
18328492.0,0.19,0.02,0.35,0.04,0.0,0.45
18338692.0,0.19,0.02,0.34,0.04,0.0,0.45
18349044.0,0.19,0.02,0.34,0.04,0.0,0.45
18358548.0,0.2,0.02,0.33,0.04,0.0,0.45
18368292.0,0.2,0.03,0.33,0.04,0.0,0.45
18378476.0,0.2,0.03,0.32,0.04,0.0,0.45
18388672.0,0.2,0.03,0.32,0.04,0.0,0.45
18399032.0,0.2,0.03,0.31,0.04,0.0,0.45
18408548.0,0.21,0.03,0.31,0.04,0.0,0.45
18418504.0,0.21,0.03,0.31,0.04,0.0,0.45
18428720.0,0.21,0.03,0.3,0.04,0.0,0.45
18438932.0,0.21,0.03,0.3,0.04,0.0,0.45
18449200.0,0.21,0.03,0.29,0.04,0.0,0.45
18458688.0,0.21,0.04,0.29,0.04,0.0,0.45
18468396.0,0.21,0.04,0.29,0.04,0.0,0.45
18478992.0,0.21,0.04,0.28,0.04,0.0,0.45
18489248.0,0.22,0.04,0.28,0.04,0.0,0.45
18499388.0,0.22,0.04,0.27,0.04,0.0,0.45
18508764.0,0.22,0.04,0.27,0.04,0.0,0.45
18518484.0,0.22,0.04,0.26,0.04,0.0,0.45
18528672.0,0.22,0.04,0.26,0.04,0.0,0.45
18538884.0,0.22,0.04,0.25,0.04,0.0,0.45
18549264.0,0.22,0.04,0.25,0.04,0.0,0.45
18558760.0,0.22,0.04,0.25,0.04,0.0,0.45
18568720.0,0.22,0.04,0.24,0.04,0.0,0.45
18578752.0,0.22,0.04,0.24,0.04,0.0,0.45
18588960.0,0.22,0.05,0.23,0.04,0.0,0.45
18599316.0,0.22,0.05,0.23,0.04,0.0,0.45
18608816.0,0.22,0.05,0.22,0.04,0.0,0.45
18618788.0,0.22,0.05,0.22,0.04,0.0,0.45
18629016.0,0.22,0.05,0.22,0.04,0.0,0.45
18639228.0,0.22,0.05,0.21,0.04,0.0,0.45
18649516.0,0.22,0.05,0.21,0.04,0.0,0.45
18659032.0,0.22,0.05,0.21,0.04,0.0,0.45
18668768.0,0.22,0.05,0.2,0.04,0.0,0.45
18678272.0,0.22,0.05,0.2,0.04,0.0,0.45
18688188.0,0.22,0.05,0.2,0.04,0.0,0.45
18699032.0,0.22,0.05,0.2,0.04,0.0,0.45
18708624.0,0.22,0.05,0.2,0.04,0.0,0.45
18718660.0,0.22,0.05,0.2,0.04,0.0,0.45
18728584.0,0.22,0.05,0.2,0.04,0.0,0.45
18738496.0,0.22,0.05,0.2,0.04,0.0,0.45
18749232.0,0.22,0.05,0.2,0.04,0.0,0.45
18758792.0,0.22,0.05,0.19,0.04,0.0,0.45
18768812.0,0.22,0.05,0.19,0.04,0.0,0.45
18778772.0,0.22,0.05,0.19,0.04,0.0,0.45
18789304.0,0.22,0.05,0.19,0.04,0.0,0.45
18799652.0,0.22,0.05,0.19,0.04,0.0,0.45
18809132.0,0.22,0.05,0.19,0.04,0.0,0.45
18819048.0,0.22,0.05,0.19,0.04,0.0,0.45
18829384.0,0.22,0.05,0.19,0.04,0.0,0.45
18839696.0,0.22,0.05,0.19,0.04,0.0,0.45
18849664.0,0.22,0.05,0.19,0.04,0.0,0.45
18859164.0,0.22,0.05,0.19,0.04,0.0,0.45
18869084.0,0.22,0.05,0.19,0.04,0.0,0.45
18878912.0,0.22,0.05,0.19,0.04,0.0,0.45
18889336.0,0.22,0.05,0.19,0.04,0.0,0.45
18899816.0,0.22,0.05,0.2,0.04,0.0,0.45
18909312.0,0.22,0.05,0.2,0.04,0.0,0.45
18919084.0,0.22,0.05,0.2,0.04,0.0,0.45
18929068.0,0.22,0.05,0.2,0.04,0.0,0.45
18939392.0,0.22,0.05,0.2,0.04,0.0,0.45
18949724.0,0.22,0.05,0.21,0.04,0.0,0.45
18959348.0,0.22,0.04,0.21,0.04,0.0,0.45
18969280.0,0.22,0.04,0.21,0.04,0.0,0.45
18979060.0,0.22,0.04,0.21,0.04,0.0,0.45
18989080.0,0.22,0.04,0.22,0.04,0.0,0.45
18999068.0,0.22,0.04,0.22,0.04,0.0,0.45
19008948.0,0.22,0.04,0.23,0.04,0.0,0.45
19019072.0,0.22,0.04,0.23,0.04,0.0,0.45
19027628.0,0.22,0.04,0.24,0.04,0.0,0.45
19036176.0,0.22,0.04,0.24,0.04,0.0,0.45
19045556.0,0.22,0.04,0.24,0.04,0.0,0.45
19056320.0,0.22,0.03,0.25,0.04,0.0,0.45
19066376.0,0.22,0.03,0.25,0.04,0.0,0.45
19074904.0,0.22,0.03,0.26,0.04,0.0,0.45
19085876.0,0.22,0.03,0.26,0.04,0.0,0.45
19096236.0,0.22,0.03,0.27,0.04,0.0,0.45
19106680.0,0.22,0.03,0.27,0.04,0.0,0.45
19116660.0,0.22,0.03,0.27,0.04,0.0,0.45
19125168.0,0.22,0.03,0.28,0.04,0.0,0.45
19134612.0,0.21,0.03,0.28,0.04,0.0,0.45
19144116.0,0.21,0.03,0.29,0.04,0.0,0.45
19155300.0,0.21,0.03,0.3,0.04,0.0,0.45
19164552.0,0.21,0.03,0.31,0.04,0.0,0.45
19173068.0,0.21,0.03,0.31,0.04,0.0,0.45
19183016.0,0.2,0.03,0.32,0.04,0.0,0.45
19192976.0,0.2,0.03,0.32,0.04,0.0,0.45
19202940.0,0.2,0.03,0.33,0.04,0.0,0.45
19211444.0,0.2,0.03,0.33,0.04,0.0,0.45
19220508.0,0.19,0.03,0.34,0.05,0.0,0.45
19229616.0,0.19,0.03,0.34,0.05,0.0,0.45
19238156.0,0.19,0.03,0.35,0.05,0.0,0.45
19248176.0,0.18,0.03,0.35,0.05,0.0,0.45
19258188.0,0.18,0.03,0.36,0.05,0.0,0.45
19268176.0,0.17,0.03,0.37,0.05,0.0,0.45
19276692.0,0.17,0.03,0.37,0.05,0.0,0.45
19285788.0,0.17,0.02,0.37,0.05,0.0,0.45
19296744.0,0.16,0.02,0.38,0.05,0.0,0.45
19307516.0,0.15,0.02,0.39,0.05,0.0,0.45
19317536.0,0.15,0.02,0.39,0.05,0.0,0.45
19326208.0,0.15,0.02,0.39,0.05,0.0,0.45
19335576.0,0.15,0.01,0.4,0.05,0.0,0.45
19345376.0,0.14,0.01,0.4,0.05,0.0,0.45
19356952.0,0.14,0.01,0.4,0.05,0.0,0.45
19367140.0,0.13,0.01,0.41,0.05,0.0,0.44
19375888.0,0.13,0.01,0.41,0.05,0.0,0.44
19385440.0,0.12,0.01,0.41,0.05,0.0,0.44
19396760.0,0.12,0.01,0.41,0.05,0.0,0.44
19407660.0,0.12,0.01,0.42,0.05,0.0,0.44
19417884.0,0.11,0.01,0.42,0.05,0.0,0.44
19426584.0,0.11,0.01,0.42,0.06,0.0,0.44
19436060.0,0.11,0.0,0.42,0.06,0.0,0.44
19446904.0,0.11,0.0,0.42,0.06,0.0,0.44
19457984.0,0.11,0.0,0.42,0.06,0.0,0.44
19468168.0,0.11,0.0,0.42,0.06,0.0,0.44
19476804.0,0.11,0.0,0.42,0.07,0.0,0.44
19486272.0,0.11,0.0,0.42,0.07,0.0,0.44
19497320.0,0.11,0.0,0.42,0.07,0.0,0.44
19508260.0,0.11,0.0,0.42,0.07,0.0,0.44
19518528.0,0.11,0.0,0.42,0.07,0.0,0.44
19526960.0,0.11,-0.0,0.42,0.08,0.0,0.44
19536472.0,0.11,-0.0,0.42,0.08,0.0,0.44
19547656.0,0.11,-0.0,0.42,0.08,0.0,0.44
19558500.0,0.11,-0.0,0.42,0.08,0.0,0.44
19568804.0,0.11,-0.0,0.42,0.08,0.0,0.44
19577340.0,0.11,-0.0,0.42,0.08,0.0,0.43
19586724.0,0.11,-0.0,0.42,0.08,0.0,0.43
19597916.0,0.11,-0.0,0.42,0.08,0.0,0.43
19608784.0,0.11,-0.0,0.42,0.08,0.0,0.43
19619056.0,0.11,-0.0,0.42,0.08,0.01,0.43
19627628.0,0.11,-0.0,0.42,0.08,0.01,0.44
19637028.0,0.11,-0.0,0.42,0.08,0.01,0.44
19648072.0,0.11,-0.0,0.42,0.08,0.01,0.44
19658968.0,0.11,-0.0,0.42,0.08,0.01,0.44
19669220.0,0.11,-0.0,0.42,0.08,0.01,0.44
19677804.0,0.11,-0.0,0.42,0.08,0.01,0.44
19687276.0,0.11,-0.0,0.42,0.08,0.01,0.44
19698320.0,0.11,-0.0,0.42,0.07,0.01,0.44
19709208.0,0.11,-0.0,0.42,0.07,0.01,0.44
19719456.0,0.11,-0.0,0.42,0.07,0.01,0.44
19728012.0,0.11,-0.0,0.42,0.07,0.01,0.44
19737488.0,0.12,-0.0,0.42,0.07,0.01,0.44
19748536.0,0.12,-0.0,0.42,0.07,0.02,0.44
19759472.0,0.12,-0.0,0.42,0.07,0.02,0.44
19770044.0,0.12,-0.01,0.41,0.07,0.02,0.44
19778584.0,0.12,-0.01,0.41,0.07,0.02,0.44
19787812.0,0.13,-0.01,0.41,0.07,0.02,0.44
19798796.0,0.13,-0.01,0.41,0.07,0.02,0.44
19809856.0,0.13,-0.01,0.41,0.07,0.03,0.44
19820044.0,0.13,-0.01,0.41,0.07,0.03,0.44
19828564.0,0.13,-0.01,0.41,0.07,0.03,0.44
19837968.0,0.14,-0.01,0.4,0.06,0.03,0.44
19848996.0,0.14,-0.01,0.4,0.06,0.04,0.44
19860032.0,0.14,-0.01,0.4,0.06,0.04,0.44
19870200.0,0.14,-0.01,0.4,0.06,0.04,0.44
19878712.0,0.14,-0.01,0.4,0.06,0.04,0.44
19888212.0,0.15,-0.01,0.4,0.06,0.05,0.44
19899296.0,0.15,-0.02,0.39,0.06,0.05,0.44
19910032.0,0.16,-0.02,0.39,0.06,0.05,0.44
19920308.0,0.16,-0.02,0.39,0.06,0.06,0.43
19928964.0,0.16,-0.02,0.39,0.06,0.06,0.43
19938488.0,0.16,-0.02,0.38,0.06,0.06,0.43
19949560.0,0.16,-0.02,0.38,0.05,0.06,0.43
19960224.0,0.16,-0.02,0.38,0.05,0.07,0.43
19970440.0,0.16,-0.02,0.38,0.05,0.07,0.43
19979204.0,0.16,-0.02,0.38,0.05,0.07,0.43
19988644.0,0.16,-0.02,0.38,0.04,0.08,0.43
19999828.0,0.16,-0.03,0.38,0.04,0.08,0.43
20010392.0,0.16,-0.03,0.38,0.04,0.08,0.43
20020596.0,0.16,-0.03,0.38,0.04,0.08,0.43
20029328.0,0.16,-0.03,0.38,0.04,0.09,0.43
20038820.0,0.16,-0.03,0.38,0.03,0.09,0.43
20050184.0,0.16,-0.03,0.38,0.03,0.09,0.43
20060524.0,0.16,-0.03,0.38,0.03,0.09,0.43
20070680.0,0.16,-0.03,0.38,0.03,0.09,0.43
20079408.0,0.16,-0.03,0.38,0.02,0.1,0.43
20089020.0,0.17,-0.03,0.37,0.02,0.1,0.43
20100200.0,0.17,-0.03,0.37,0.02,0.1,0.43
20110624.0,0.17,-0.03,0.37,0.02,0.1,0.43
20120640.0,0.17,-0.03,0.37,0.02,0.1,0.43
20129372.0,0.17,-0.03,0.37,0.01,0.1,0.43
20138948.0,0.17,-0.03,0.37,0.01,0.1,0.43
20150372.0,0.17,-0.03,0.37,0.01,0.1,0.43
20160912.0,0.17,-0.03,0.37,0.01,0.1,0.42
20170852.0,0.17,-0.03,0.37,0.01,0.1,0.42
20179628.0,0.17,-0.03,0.37,0.0,0.11,0.42
20189236.0,0.17,-0.03,0.37,0.0,0.11,0.42
20200444.0,0.17,-0.03,0.37,0.0,0.11,0.42
20211004.0,0.17,-0.03,0.37,-0.0,0.11,0.42
20221124.0,0.17,-0.03,0.37,-0.0,0.11,0.42
20229884.0,0.17,-0.03,0.37,-0.0,0.11,0.42
20239472.0,0.17,-0.03,0.37,-0.0,0.11,0.42
20250648.0,0.17,-0.04,0.37,-0.0,0.11,0.42
20261196.0,0.17,-0.04,0.37,-0.0,0.11,0.42
20271272.0,0.17,-0.04,0.37,-0.01,0.11,0.42
20280060.0,0.17,-0.04,0.37,-0.01,0.11,0.42
20289676.0,0.17,-0.04,0.37,-0.01,0.11,0.42
20300844.0,0.17,-0.04,0.37,-0.01,0.11,0.42
20311328.0,0.17,-0.04,0.37,-0.01,0.11,0.42
20321408.0,0.17,-0.04,0.37,-0.01,0.11,0.42
20330400.0,0.17,-0.04,0.37,-0.01,0.11,0.42
20340004.0,0.17,-0.04,0.37,-0.01,0.11,0.42
20350924.0,0.17,-0.04,0.37,-0.01,0.11,0.42
20361380.0,0.17,-0.04,0.37,-0.01,0.11,0.42
20371184.0,0.17,-0.04,0.37,-0.0,0.11,0.42
20379952.0,0.17,-0.04,0.37,-0.0,0.11,0.42
20389928.0,0.17,-0.04,0.37,-0.0,0.11,0.42
20401164.0,0.16,-0.04,0.37,0.0,0.11,0.42
20411628.0,0.16,-0.04,0.37,0.0,0.11,0.42
20421504.0,0.16,-0.04,0.37,0.01,0.11,0.42
20430268.0,0.16,-0.05,0.37,0.01,0.1,0.42
20440240.0,0.16,-0.05,0.37,0.01,0.1,0.42
20451240.0,0.16,-0.05,0.37,0.01,0.1,0.43
20461680.0,0.16,-0.05,0.38,0.02,0.1,0.43
20471596.0,0.16,-0.05,0.38,0.02,0.1,0.43
20480572.0,0.16,-0.05,0.38,0.02,0.09,0.43
20490836.0,0.16,-0.05,0.37,0.03,0.09,0.43
20501464.0,0.16,-0.05,0.37,0.03,0.09,0.43
20511764.0,0.16,-0.06,0.37,0.03,0.08,0.43
20521580.0,0.16,-0.06,0.37,0.03,0.08,0.43
20530640.0,0.16,-0.06,0.38,0.04,0.08,0.43
20540772.0,0.15,-0.06,0.38,0.04,0.07,0.43
20551580.0,0.15,-0.06,0.38,0.04,0.07,0.44
20561984.0,0.15,-0.06,0.38,0.04,0.06,0.44
20571748.0,0.15,-0.06,0.38,0.04,0.06,0.44
20580284.0,0.14,-0.06,0.39,0.04,0.06,0.44
20590440.0,0.14,-0.05,0.39,0.05,0.05,0.44
20601492.0,0.14,-0.05,0.39,0.05,0.05,0.44
20611996.0,0.14,-0.05,0.4,0.05,0.05,0.44
20621696.0,0.13,-0.05,0.4,0.05,0.04,0.44
20630220.0,0.13,-0.04,0.4,0.05,0.04,0.44
20640184.0,0.13,-0.04,0.4,0.05,0.04,0.44
20651200.0,0.13,-0.04,0.4,0.05,0.03,0.44
20661892.0,0.13,-0.04,0.41,0.05,0.03,0.44
20671676.0,0.13,-0.04,0.41,0.06,0.03,0.44
20680192.0,0.13,-0.04,0.41,0.06,0.03,0.44
20690172.0,0.12,-0.04,0.41,0.06,0.02,0.44
20701396.0,0.12,-0.04,0.41,0.06,0.02,0.44
20712252.0,0.12,-0.04,0.41,0.06,0.02,0.44
20721952.0,0.12,-0.04,0.41,0.06,0.02,0.44
20730472.0,0.12,-0.03,0.42,0.06,0.02,0.44
20740456.0,0.11,-0.03,0.42,0.07,0.01,0.44
20751508.0,0.11,-0.03,0.42,0.07,0.01,0.44
20762372.0,0.1,-0.03,0.42,0.07,0.01,0.44
20772068.0,0.1,-0.03,0.43,0.07,0.01,0.44
20780592.0,0.09,-0.03,0.43,0.07,0.01,0.44
20790568.0,0.08,-0.02,0.44,0.07,0.0,0.44
20801656.0,0.06,-0.02,0.44,0.07,0.0,0.44
20812184.0,0.05,-0.02,0.44,0.07,0.0,0.44
20822032.0,0.04,-0.01,0.45,0.07,0.0,0.44
20830536.0,0.04,-0.01,0.45,0.07,0.0,0.44
20840536.0,0.04,-0.01,0.45,0.07,-0.0,0.44
20851552.0,0.04,-0.01,0.45,0.07,-0.0,0.44
20862140.0,0.04,-0.01,0.45,0.07,-0.0,0.44
20871956.0,0.04,-0.01,0.45,0.07,-0.0,0.44
20880484.0,0.03,-0.01,0.45,0.07,-0.0,0.44
20890456.0,0.02,-0.01,0.45,0.07,-0.0,0.44
20901648.0,0.01,-0.0,0.45,0.07,-0.01,0.44
20912252.0,-0.01,0.0,0.45,0.07,-0.01,0.44
20922080.0,-0.02,0.01,0.45,0.08,-0.01,0.44
20930664.0,-0.02,0.01,0.45,0.08,-0.01,0.44
20940656.0,-0.03,0.01,0.45,0.08,-0.01,0.44
20951700.0,-0.03,0.01,0.45,0.08,-0.01,0.44
20962332.0,-0.03,0.01,0.45,0.08,-0.01,0.44
20972176.0,-0.04,0.02,0.45,0.08,-0.01,0.43
20980752.0,-0.04,0.02,0.45,0.08,-0.01,0.43
20990648.0,-0.04,0.02,0.45,0.09,-0.01,0.43
21001732.0,-0.04,0.02,0.45,0.09,-0.01,0.43
21012432.0,-0.04,0.02,0.44,0.1,-0.02,0.43
21022244.0,-0.04,0.02,0.44,0.1,-0.02,0.42
21030752.0,-0.04,0.02,0.44,0.11,-0.02,0.42
21040732.0,-0.04,0.02,0.44,0.11,-0.02,0.42
21051784.0,-0.04,0.02,0.44,0.12,-0.02,0.41
21062404.0,-0.04,0.02,0.44,0.13,-0.02,0.41
21072272.0,-0.04,0.02,0.44,0.13,-0.03,0.41
21080824.0,-0.04,0.02,0.45,0.14,-0.03,0.4
21089368.0,-0.04,0.02,0.45,0.14,-0.03,0.4
21099372.0,-0.04,0.02,0.45,0.14,-0.03,0.39
21109404.0,-0.04,0.02,0.45,0.15,-0.03,0.39
21119408.0,-0.04,0.02,0.45,0.15,-0.03,0.39
21127956.0,-0.04,0.02,0.45,0.16,-0.03,0.38
21136496.0,-0.04,0.02,0.45,0.16,-0.03,0.38
21145024.0,-0.04,0.02,0.45,0.17,-0.04,0.37
21154264.0,-0.04,0.02,0.45,0.17,-0.04,0.37
21163976.0,-0.04,0.02,0.45,0.17,-0.04,0.37
21173052.0,-0.04,0.02,0.45,0.18,-0.04,0.36
21181784.0,-0.04,0.02,0.45,0.18,-0.04,0.35
21191912.0,-0.04,0.02,0.45,0.18,-0.04,0.35
21202620.0,-0.04,0.02,0.45,0.19,-0.04,0.34
21212992.0,-0.04,0.01,0.45,0.19,-0.04,0.34
21222704.0,-0.04,0.02,0.45,0.19,-0.04,0.33
21231276.0,-0.04,0.02,0.45,0.2,-0.04,0.33
21241280.0,-0.04,0.02,0.45,0.2,-0.04,0.32
21252352.0,-0.04,0.02,0.45,0.2,-0.04,0.32
21262956.0,-0.04,0.02,0.45,0.2,-0.04,0.31
21272672.0,-0.04,0.02,0.45,0.21,-0.04,0.3
21282908.0,-0.04,0.02,0.45,0.21,-0.03,0.29
21293064.0,-0.04,0.02,0.45,0.21,-0.03,0.29
21303204.0,-0.04,0.02,0.45,0.21,-0.03,0.28
21313324.0,-0.04,0.02,0.45,0.21,-0.03,0.28
21322904.0,-0.04,0.02,0.45,0.22,-0.03,0.28
21333144.0,-0.04,0.02,0.45,0.22,-0.03,0.27
21343256.0,-0.04,0.02,0.45,0.22,-0.03,0.26
21353380.0,-0.04,0.02,0.45,0.22,-0.03,0.26
21363408.0,-0.04,0.02,0.45,0.22,-0.03,0.26
21373000.0,-0.04,0.02,0.45,0.22,-0.03,0.26
21381544.0,-0.04,0.02,0.45,0.22,-0.03,0.25
21390100.0,-0.04,0.02,0.45,0.22,-0.03,0.25
21400080.0,-0.04,0.02,0.45,0.22,-0.03,0.25
21410136.0,-0.04,0.02,0.45,0.22,-0.03,0.24
21420184.0,-0.04,0.02,0.45,0.22,-0.03,0.24
21428760.0,-0.04,0.02,0.45,0.22,-0.03,0.24
21437324.0,-0.04,0.02,0.45,0.22,-0.03,0.23
21446172.0,-0.04,0.02,0.45,0.22,-0.03,0.23
21455676.0,-0.04,0.02,0.45,0.22,-0.03,0.23
21465448.0,-0.04,0.02,0.45,0.22,-0.03,0.22
21474028.0,-0.04,0.02,0.45,0.22,-0.03,0.22
21482832.0,-0.04,0.02,0.45,0.22,-0.03,0.22
21492972.0,-0.04,0.02,0.45,0.22,-0.03,0.22
21503376.0,-0.04,0.02,0.45,0.22,-0.03,0.21
21513628.0,-0.04,0.02,0.45,0.22,-0.03,0.21
21523288.0,-0.04,0.02,0.45,0.22,-0.03,0.21
21532064.0,-0.04,0.02,0.45,0.22,-0.03,0.21
21541208.0,-0.04,0.02,0.45,0.22,-0.03,0.21
21551668.0,-0.05,0.02,0.44,0.22,-0.03,0.21
21562396.0,-0.05,0.02,0.44,0.22,-0.03,0.2
21572564.0,-0.05,0.02,0.44,0.22,-0.03,0.2
21581100.0,-0.05,0.02,0.44,0.22,-0.03,0.2
21589624.0,-0.05,0.02,0.44,0.22,-0.03,0.2
21599372.0,-0.05,0.02,0.44,0.22,-0.03,0.2
21609416.0,-0.05,0.02,0.44,0.22,-0.03,0.2
21619432.0,-0.05,0.02,0.44,0.22,-0.03,0.2
21627992.0,-0.05,0.02,0.44,0.22,-0.03,0.19
21636776.0,-0.05,0.02,0.44,0.22,-0.03,0.19
21646672.0,-0.05,0.02,0.44,0.22,-0.03,0.19
21656284.0,-0.05,0.02,0.44,0.22,-0.03,0.19
21666220.0,-0.05,0.02,0.44,0.22,-0.03,0.19
21675220.0,-0.05,0.02,0.44,0.22,-0.03,0.19
21685196.0,-0.05,0.02,0.44,0.22,-0.03,0.19
21695208.0,-0.05,0.02,0.44,0.22,-0.03,0.19
21705200.0,-0.05,0.02,0.44,0.22,-0.03,0.2
21715192.0,-0.05,0.02,0.44,0.22,-0.03,0.2
21724100.0,-0.05,0.02,0.44,0.22,-0.03,0.2
21734060.0,-0.05,0.02,0.44,0.22,-0.03,0.2
21744044.0,-0.05,0.02,0.44,0.22,-0.03,0.2
21754032.0,-0.05,0.02,0.44,0.22,-0.03,0.2
21764036.0,-0.05,0.02,0.44,0.22,-0.03,0.2
21773596.0,-0.05,0.02,0.44,0.22,-0.03,0.2
21782120.0,-0.05,0.02,0.44,0.22,-0.03,0.2
21790660.0,-0.05,0.02,0.44,0.22,-0.03,0.21
21800672.0,-0.05,0.02,0.44,0.22,-0.03,0.21
21810716.0,-0.05,0.02,0.44,0.22,-0.03,0.21
21820756.0,-0.05,0.02,0.44,0.22,-0.03,0.22
21829308.0,-0.05,0.02,0.44,0.22,-0.03,0.22
21837960.0,-0.05,0.02,0.44,0.22,-0.03,0.23
21847452.0,-0.05,0.02,0.44,0.22,-0.03,0.23
21857464.0,-0.05,0.02,0.44,0.22,-0.03,0.23
21867616.0,-0.05,0.02,0.44,0.22,-0.03,0.24
21876540.0,-0.05,0.02,0.44,0.22,-0.03,0.24
21886528.0,-0.05,0.02,0.44,0.22,-0.03,0.24
21896504.0,-0.05,0.02,0.44,0.22,-0.03,0.25
21906520.0,-0.05,0.02,0.44,0.22,-0.02,0.25
21916504.0,-0.05,0.02,0.44,0.22,-0.02,0.25
21925044.0,-0.05,0.02,0.44,0.22,-0.02,0.26
21935016.0,-0.05,0.02,0.44,0.22,-0.02,0.26
21945024.0,-0.05,0.02,0.44,0.22,-0.02,0.27
21955000.0,-0.05,0.02,0.44,0.22,-0.02,0.27
21964980.0,-0.05,0.02,0.44,0.22,-0.02,0.27
21974256.0,-0.05,0.02,0.44,0.22,-0.02,0.28
21982956.0,-0.05,0.02,0.44,0.22,-0.02,0.28
21991512.0,-0.05,0.02,0.44,0.22,-0.02,0.29
22001520.0,-0.05,0.02,0.44,0.21,-0.02,0.29
22011520.0,-0.05,0.02,0.44,0.21,-0.02,0.29
22021556.0,-0.05,0.02,0.44,0.21,-0.02,0.3
22030084.0,-0.05,0.02,0.44,0.21,-0.02,0.3
22038872.0,-0.05,0.02,0.44,0.21,-0.02,0.3
22048804.0,-0.05,0.02,0.44,0.21,-0.02,0.31
22059756.0,-0.05,0.02,0.44,0.21,-0.02,0.31
22070532.0,-0.05,0.02,0.44,0.21,-0.02,0.32
22079084.0,-0.05,0.02,0.44,0.2,-0.02,0.32
22087864.0,-0.05,0.02,0.44,0.2,-0.02,0.32
22097764.0,-0.05,0.02,0.44,0.2,-0.02,0.33
22108992.0,-0.05,0.02,0.44,0.2,-0.02,0.33
22120264.0,-0.05,0.02,0.44,0.2,-0.02,0.34
22129040.0,-0.05,0.02,0.44,0.19,-0.02,0.34
22137604.0,-0.05,0.02,0.44,0.19,-0.02,0.34
22147608.0,-0.05,0.02,0.44,0.19,-0.02,0.35
22158056.0,-0.05,0.02,0.44,0.19,-0.02,0.35
22169748.0,-0.05,0.02,0.44,0.18,-0.02,0.35
22178828.0,-0.05,0.02,0.44,0.18,-0.02,0.36
22188612.0,-0.05,0.02,0.44,0.18,-0.02,0.36
22199476.0,-0.05,0.02,0.44,0.17,-0.02,0.37
22210512.0,-0.05,0.02,0.44,0.17,-0.02,0.37
22221328.0,-0.05,0.02,0.44,0.17,-0.02,0.37
22229844.0,-0.05,0.02,0.44,0.17,-0.02,0.38
22238556.0,-0.05,0.02,0.44,0.16,-0.02,0.38
22249004.0,-0.05,0.02,0.44,0.16,-0.02,0.38
22260252.0,-0.05,0.02,0.44,0.16,-0.02,0.38
22271224.0,-0.05,0.02,0.44,0.15,-0.02,0.39
22279980.0,-0.05,0.02,0.44,0.15,-0.02,0.39
22289368.0,-0.05,0.02,0.44,0.15,-0.02,0.39
22300644.0,-0.05,0.02,0.44,0.14,-0.02,0.4
22311260.0,-0.05,0.02,0.44,0.14,-0.02,0.4
22321712.0,-0.05,0.02,0.44,0.14,-0.02,0.4
22330228.0,-0.05,0.02,0.44,0.13,-0.02,0.4
22338984.0,-0.05,0.02,0.44,0.13,-0.02,0.41
22349744.0,-0.05,0.02,0.44,0.13,-0.02,0.41
22360800.0,-0.05,0.02,0.44,0.12,-0.02,0.41
22371580.0,-0.05,0.02,0.44,0.12,-0.02,0.42
22380340.0,-0.05,0.02,0.44,0.12,-0.01,0.42
22389088.0,-0.05,0.02,0.44,0.11,-0.01,0.42
22400752.0,-0.05,0.02,0.44,0.11,-0.01,0.42
22411504.0,-0.05,0.02,0.44,0.1,-0.01,0.42
22422092.0,-0.05,0.02,0.44,0.1,-0.01,0.43
22430624.0,-0.05,0.02,0.44,0.1,-0.01,0.43
22439316.0,-0.05,0.02,0.44,0.1,-0.01,0.43
22450580.0,-0.05,0.02,0.44,0.09,-0.01,0.43
22461564.0,-0.05,0.02,0.44,0.09,-0.01,0.43
22472316.0,-0.05,0.02,0.44,0.09,-0.01,0.43
22480868.0,-0.05,0.02,0.44,0.08,-0.01,0.43
22489552.0,-0.05,0.02,0.44,0.08,-0.01,0.44
22501172.0,-0.05,0.02,0.44,0.07,-0.01,0.44
22512008.0,-0.05,0.02,0.44,0.07,-0.01,0.44
22522608.0,-0.05,0.02,0.44,0.07,-0.01,0.44
22531148.0,-0.05,0.02,0.44,0.06,-0.01,0.44
22539900.0,-0.05,0.02,0.44,0.06,-0.01,0.44
22551136.0,-0.05,0.02,0.44,0.06,-0.01,0.44
22562108.0,-0.05,0.02,0.44,0.06,-0.01,0.44
22572884.0,-0.05,0.02,0.44,0.06,-0.01,0.44
22581420.0,-0.05,0.02,0.44,0.05,-0.01,0.44
22590140.0,-0.05,0.02,0.44,0.05,-0.01,0.44
22601524.0,-0.05,0.02,0.44,0.05,-0.01,0.44
22612380.0,-0.05,0.02,0.44,0.05,-0.01,0.44
22622920.0,-0.05,0.02,0.44,0.05,-0.01,0.44
22631544.0,-0.05,0.02,0.44,0.05,-0.01,0.44
22640240.0,-0.04,0.01,0.45,0.05,-0.01,0.44
22651860.0,-0.04,0.01,0.45,0.05,-0.01,0.44
22662652.0,-0.04,0.01,0.45,0.05,-0.01,0.45
22673216.0,-0.04,0.01,0.45,0.05,-0.01,0.45
22681780.0,-0.04,0.01,0.45,0.04,-0.01,0.45
22691252.0,-0.04,0.01,0.45,0.04,-0.01,0.45
22702348.0,-0.04,0.01,0.45,0.04,-0.01,0.45
22712960.0,-0.04,0.01,0.45,0.04,-0.0,0.45
22723496.0,-0.04,0.01,0.45,0.04,-0.0,0.45
22732036.0,-0.04,0.01,0.45,0.04,-0.0,0.45
22740804.0,-0.04,0.01,0.45,0.04,-0.0,0.45
22752400.0,-0.04,0.01,0.45,0.04,-0.0,0.45
22763100.0,-0.04,0.01,0.45,0.04,-0.0,0.45
22773692.0,-0.04,0.01,0.45,0.04,-0.0,0.45
22782332.0,-0.04,0.01,0.45,0.04,-0.0,0.45
22791668.0,-0.04,0.01,0.45,0.04,-0.0,0.45
22802776.0,-0.04,0.01,0.45,0.04,-0.0,0.45
22813388.0,-0.04,0.01,0.45,0.04,-0.0,0.45
22824288.0,-0.04,0.01,0.45,0.04,-0.0,0.45
22832828.0,-0.04,0.01,0.45,0.04,-0.0,0.45
22842076.0,-0.04,0.01,0.45,0.04,-0.0,0.45
22853164.0,-0.04,0.01,0.45,0.04,-0.0,0.45
22863796.0,-0.04,0.01,0.45,0.04,-0.0,0.45
22874380.0,-0.04,0.01,0.45,0.04,-0.0,0.45
22882908.0,-0.04,0.01,0.45,0.04,-0.0,0.45
22891592.0,-0.04,0.01,0.45,0.04,-0.0,0.45
22903012.0,-0.04,0.01,0.45,0.04,-0.0,0.45
22913756.0,-0.04,0.01,0.45,0.04,-0.0,0.45
22924452.0,-0.04,0.01,0.45,0.04,-0.0,0.45
22933000.0,-0.04,0.01,0.45,0.04,0.0,0.45
22941724.0,-0.04,0.01,0.45,0.04,0.0,0.45
22953228.0,-0.04,0.01,0.45,0.04,0.0,0.45
22964012.0,-0.04,0.01,0.45,0.04,0.0,0.45
22974584.0,-0.04,0.01,0.45,0.04,0.0,0.45
22983080.0,-0.04,0.01,0.45,0.03,0.0,0.45
22991772.0,-0.03,0.01,0.45,0.03,0.0,0.45
23003408.0,-0.03,0.01,0.45,0.03,0.0,0.45
23014412.0,-0.03,0.01,0.45,0.03,0.0,0.45
23024824.0,-0.03,0.01,0.45,0.03,0.0,0.45
23033352.0,-0.03,0.01,0.45,0.03,0.0,0.45
23042028.0,-0.03,0.01,0.45,0.03,0.0,0.45
23053632.0,-0.02,0.01,0.45,0.03,0.0,0.45
23064460.0,-0.02,0.01,0.45,0.04,0.0,0.45
23074740.0,-0.01,0.0,0.45,0.04,0.0,0.45
23083468.0,-0.01,0.0,0.45,0.04,0.0,0.45
23092256.0,-0.01,0.0,0.45,0.04,0.0,0.45
23103828.0,-0.0,0.0,0.45,0.04,0.0,0.45
23114544.0,0.0,-0.0,0.45,0.04,0.0,0.45
23125136.0,0.01,-0.0,0.45,0.04,0.0,0.45
23133796.0,0.01,-0.0,0.45,0.04,0.0,0.45
23142480.0,0.01,-0.01,0.45,0.04,0.0,0.45
23154104.0,0.02,-0.01,0.45,0.04,0.0,0.45
23164716.0,0.01,-0.01,0.45,0.04,0.0,0.45
23175316.0,0.01,-0.0,0.45,0.04,0.0,0.45
23184012.0,0.01,-0.0,0.45,0.04,0.0,0.45
23192712.0,0.01,-0.0,0.45,0.04,0.0,0.45
23204444.0,0.01,-0.0,0.45,0.04,0.0,0.45
23214780.0,0.01,-0.0,0.45,0.04,0.0,0.45
23225260.0,0.01,-0.0,0.45,0.04,0.0,0.45
23234004.0,0.01,-0.0,0.45,0.04,0.0,0.45
23242544.0,0.01,-0.01,0.45,0.04,0.0,0.45
23254044.0,0.02,-0.01,0.45,0.04,0.0,0.45
23264844.0,0.02,-0.01,0.45,0.04,0.0,0.45
23275392.0,0.02,-0.01,0.45,0.04,0.0,0.45
23284112.0,0.02,-0.01,0.45,0.04,0.0,0.45
23292644.0,0.02,-0.01,0.45,0.04,0.0,0.45
23304068.0,0.02,-0.01,0.45,0.04,0.0,0.45
23314908.0,0.02,-0.01,0.45,0.04,0.0,0.45
23325504.0,0.02,-0.01,0.45,0.04,0.0,0.45
23334468.0,0.02,-0.01,0.45,0.04,0.0,0.45
23342992.0,0.02,-0.01,0.45,0.04,0.0,0.45
23353836.0,0.02,-0.01,0.45,0.04,0.0,0.45
23364976.0,0.02,-0.01,0.45,0.04,0.0,0.45
23375560.0,0.02,-0.01,0.45,0.04,0.0,0.45
23384276.0,0.02,-0.01,0.45,0.04,0.0,0.45
23392780.0,0.02,-0.01,0.45,0.03,0.0,0.45
23402828.0,0.02,-0.01,0.45,0.03,0.0,0.45
23414296.0,0.02,-0.01,0.45,0.03,0.0,0.45
23425480.0,0.02,-0.01,0.45,0.03,0.0,0.45
23434036.0,0.02,-0.01,0.45,0.03,0.0,0.45
23442580.0,0.03,-0.01,0.45,0.01,-0.02,0.45
23452656.0,0.03,-0.01,0.45,0.03,0.0,0.45
23464164.0,0.03,-0.01,0.45,0.03,0.0,0.45
23475592.0,0.03,-0.01,0.45,0.03,0.0,0.45
23484276.0,0.03,-0.01,0.45,0.03,0.0,0.45
23492840.0,0.03,-0.01,0.45,0.03,0.0,0.45
23502900.0,0.03,-0.01,0.45,0.03,0.0,0.45
23514404.0,0.03,-0.01,0.45,0.03,-0.0,0.45
23525712.0,0.03,-0.01,0.45,0.03,-0.0,0.45
23534760.0,0.03,-0.01,0.45,0.03,-0.0,0.45
23543340.0,0.03,-0.01,0.45,0.03,-0.0,0.45
23553668.0,0.03,-0.01,0.45,0.03,-0.0,0.45
23565048.0,0.03,-0.01,0.45,0.03,-0.0,0.45
23575964.0,0.03,-0.01,0.45,0.03,-0.0,0.45
23584932.0,0.03,-0.01,0.45,0.03,-0.0,0.45
23593484.0,0.03,-0.01,0.45,0.03,-0.0,0.45
23603568.0,0.03,-0.01,0.45,0.03,-0.0,0.45
23614976.0,0.03,-0.01,0.45,0.04,-0.0,0.45
23626060.0,0.03,-0.01,0.45,0.03,-0.0,0.45
23635000.0,0.03,-0.01,0.45,0.03,-0.0,0.45
23643560.0,0.03,-0.01,0.45,0.03,-0.0,0.45
23654180.0,0.03,-0.01,0.45,0.02,-0.0,0.45
23665304.0,0.03,-0.01,0.45,0.02,-0.0,0.45
23676132.0,0.03,-0.01,0.45,0.01,0.0,0.45
23685180.0,0.03,-0.01,0.45,0.01,0.0,0.45
23693736.0,0.03,-0.01,0.45,0.0,0.0,0.45
23704092.0,0.03,-0.01,0.45,-0.0,-0.0,0.45
23715344.0,0.03,-0.01,0.45,-0.01,-0.0,0.45
23726292.0,0.03,-0.01,0.45,-0.01,-0.0,0.45
23735252.0,0.03,-0.01,0.45,-0.01,-0.0,0.45
23743828.0,0.03,-0.01,0.45,-0.01,-0.0,0.45
23754476.0,0.03,-0.01,0.45,-0.01,-0.0,0.45
23765588.0,0.03,-0.01,0.45,-0.02,-0.0,0.45
23776500.0,0.03,-0.01,0.45,-0.02,-0.0,0.45
23785416.0,0.03,-0.01,0.45,-0.03,-0.0,0.45
23793968.0,0.03,-0.01,0.45,-0.03,-0.01,0.45
23804060.0,0.03,-0.01,0.45,-0.04,-0.01,0.45
23815396.0,0.03,-0.01,0.45,-0.04,-0.01,0.45
23826336.0,0.03,-0.01,0.45,-0.04,-0.01,0.45
23835136.0,0.03,-0.01,0.45,-0.04,-0.01,0.45
23843672.0,0.03,-0.01,0.45,-0.04,-0.01,0.45
23853712.0,0.03,-0.01,0.45,-0.04,-0.01,0.45
23865364.0,0.03,-0.01,0.45,-0.03,-0.01,0.45
23876312.0,0.03,-0.01,0.45,-0.03,-0.01,0.45
23884888.0,0.03,-0.01,0.45,-0.03,-0.0,0.45
23893428.0,0.03,-0.01,0.45,-0.03,-0.0,0.45
23903456.0,0.03,-0.01,0.45,-0.03,-0.0,0.45
23914964.0,0.03,-0.01,0.45,-0.03,-0.0,0.45
23926260.0,0.03,-0.01,0.45,-0.03,-0.0,0.45
23934792.0,0.03,-0.01,0.45,-0.03,-0.0,0.45
23943332.0,0.03,-0.01,0.45,-0.03,-0.0,0.45
23953228.0,0.03,-0.01,0.45,-0.02,-0.0,0.45
23963888.0,0.03,-0.01,0.45,-0.02,-0.0,0.45
23975680.0,0.03,-0.01,0.45,-0.02,-0.0,0.45
23984252.0,0.03,-0.01,0.45,-0.02,-0.0,0.45
23992804.0,0.03,-0.01,0.45,-0.02,-0.0,0.45
24002912.0,0.03,-0.01,0.45,-0.02,-0.0,0.45
24013188.0,0.03,-0.01,0.45,-0.02,-0.0,0.45
24023804.0,0.03,-0.01,0.45,-0.02,-0.0,0.45
24032364.0,0.03,-0.01,0.45,-0.02,-0.0,0.45
24040908.0,0.03,-0.01,0.45,-0.02,-0.0,0.45
24049440.0,0.03,-0.01,0.45,-0.02,-0.0,0.45
24058084.0,0.03,-0.01,0.45,-0.02,-0.0,0.45
24067472.0,0.03,-0.01,0.45,-0.01,-0.0,0.45
24077196.0,0.03,-0.01,0.45,-0.01,-0.0,0.45
24085780.0,0.03,-0.01,0.45,-0.01,-0.0,0.45
24094340.0,0.03,-0.01,0.45,-0.01,-0.0,0.45
24104388.0,0.03,-0.01,0.45,-0.01,-0.0,0.45
24115724.0,0.03,-0.01,0.45,-0.01,-0.0,0.45
24126648.0,0.03,-0.01,0.45,-0.01,-0.0,0.45
24135196.0,0.03,-0.01,0.45,-0.01,-0.0,0.45
24143768.0,0.03,-0.01,0.45,-0.01,-0.0,0.45
24152340.0,0.03,-0.01,0.45,-0.01,-0.0,0.45
24162288.0,0.03,-0.01,0.45,-0.0,-0.0,0.45
24172148.0,0.03,-0.01,0.45,-0.0,-0.0,0.45
24180704.0,0.03,-0.01,0.45,-0.0,-0.0,0.45
24189244.0,0.03,-0.01,0.45,-0.0,-0.0,0.45
24198008.0,0.03,-0.01,0.45,-0.0,-0.0,0.45
24207756.0,0.03,-0.01,0.45,-0.0,-0.0,0.45
24217636.0,0.04,-0.01,0.45,-0.0,-0.0,0.45
24227776.0,0.04,-0.01,0.45,-0.0,-0.0,0.45
24236552.0,0.04,-0.01,0.45,-0.0,-0.0,0.45
24245128.0,0.04,-0.01,0.45,0.0,0.0,0.45
24255192.0,0.04,-0.01,0.45,0.0,0.0,0.45
24266340.0,0.04,-0.01,0.45,0.0,0.0,0.45
24277096.0,0.04,-0.01,0.45,0.0,0.0,0.45
24285776.0,0.04,-0.01,0.45,0.0,0.0,0.45
24294308.0,0.04,-0.01,0.45,0.0,0.0,0.45
24304332.0,0.04,-0.01,0.45,0.0,0.0,0.45
24315008.0,0.04,-0.01,0.45,0.01,0.0,0.45
24326352.0,0.04,-0.01,0.45,0.01,0.0,0.45
24334872.0,0.04,-0.01,0.45,0.01,0.0,0.45
24343396.0,0.04,-0.01,0.45,0.01,0.0,0.45
24352996.0,0.04,-0.01,0.45,0.01,0.0,0.45
24362372.0,0.04,-0.01,0.45,0.01,0.0,0.45
24371160.0,0.04,-0.01,0.45,0.01,0.0,0.45
24379764.0,0.04,-0.01,0.45,0.01,0.0,0.45
24388384.0,0.04,-0.01,0.45,0.01,0.0,0.45
24397156.0,0.04,-0.01,0.45,0.01,0.0,0.45
24407380.0,0.04,-0.01,0.45,0.02,0.0,0.45
24417412.0,0.04,-0.01,0.45,0.02,0.0,0.45
24427608.0,0.04,-0.01,0.45,0.02,0.0,0.45
24436192.0,0.04,-0.01,0.45,0.02,0.0,0.45
24444732.0,0.04,-0.01,0.45,0.02,0.0,0.45
24454756.0,0.04,-0.01,0.45,0.02,0.0,0.45
24465288.0,0.04,-0.01,0.45,0.02,0.0,0.45
24476556.0,0.04,-0.01,0.45,0.02,0.0,0.45
24485092.0,0.04,-0.01,0.45,0.02,0.0,0.45
24493624.0,0.04,-0.01,0.45,0.02,0.0,0.45
24503648.0,0.04,-0.01,0.45,0.02,0.0,0.45
24513700.0,0.04,-0.01,0.45,0.02,0.0,0.45
24523748.0,0.04,-0.01,0.45,0.02,0.0,0.45
24532284.0,0.04,-0.01,0.45,0.02,0.0,0.45
24540832.0,0.04,-0.01,0.45,0.02,0.0,0.45
24549576.0,0.04,-0.01,0.45,0.02,0.0,0.45
24559312.0,0.04,-0.01,0.45,0.02,0.0,0.45
24569144.0,0.04,-0.01,0.45,0.02,0.0,0.45
24579268.0,0.04,-0.01,0.45,0.02,0.0,0.45
24587784.0,0.04,-0.01,0.45,0.02,0.0,0.45
24596400.0,0.04,-0.01,0.45,0.02,0.0,0.45
24606364.0,0.04,-0.01,0.45,0.02,0.0,0.45
24617112.0,0.04,-0.01,0.45,0.02,0.0,0.45
24627620.0,0.04,-0.01,0.45,0.02,0.0,0.45
24636352.0,0.04,-0.01,0.45,0.02,0.0,0.45
24646472.0,0.04,-0.01,0.45,0.02,0.0,0.45
24657152.0,0.04,-0.01,0.45,0.03,0.0,0.45
24667528.0,0.04,-0.01,0.45,0.03,0.0,0.45
24677920.0,0.04,-0.01,0.45,0.03,0.0,0.45
24686532.0,0.04,-0.01,0.45,0.03,0.0,0.45
24695048.0,0.04,-0.01,0.45,0.03,0.0,0.45
24703916.0,0.04,-0.01,0.45,0.03,0.0,0.45
24713924.0,0.04,-0.01,0.45,0.03,0.0,0.45
24723860.0,0.04,-0.01,0.45,0.03,0.0,0.45
24732380.0,0.04,-0.01,0.45,0.03,0.0,0.45
24741072.0,0.04,-0.01,0.45,0.03,0.0,0.45
24749768.0,0.04,-0.01,0.45,0.03,0.0,0.45
24759880.0,0.04,-0.01,0.45,0.03,0.0,0.45
24770016.0,0.04,-0.01,0.45,0.03,0.0,0.45
24780092.0,0.04,-0.01,0.45,0.03,0.0,0.45
24788628.0,0.04,-0.01,0.45,0.03,0.0,0.45
24797356.0,0.04,-0.01,0.45,0.03,0.0,0.45
24807240.0,0.04,-0.01,0.45,0.03,0.0,0.45
24817772.0,0.04,-0.01,0.45,0.03,0.0,0.45
24828072.0,0.04,-0.01,0.45,0.03,0.0,0.45
24836756.0,0.04,-0.01,0.45,0.03,0.0,0.45
24845308.0,0.04,-0.01,0.45,0.03,0.0,0.45
24853844.0,0.04,-0.01,0.45,0.03,0.0,0.45
24863464.0,0.04,-0.01,0.45,0.03,0.0,0.45
24872452.0,0.04,-0.01,0.45,0.03,0.0,0.45
24881736.0,0.04,-0.01,0.45,0.03,0.0,0.45
24890448.0,0.04,-0.01,0.45,0.03,0.0,0.45
24898976.0,0.04,-0.01,0.45,0.03,0.0,0.45
24908688.0,0.04,-0.01,0.45,0.03,0.0,0.45
24918680.0,0.04,-0.01,0.45,0.03,0.0,0.45
24928664.0,0.04,-0.01,0.45,0.03,0.0,0.45
24937364.0,0.04,-0.01,0.45,0.03,0.0,0.45
24947300.0,0.04,-0.01,0.45,0.03,0.0,0.45
24957596.0,0.04,-0.01,0.45,0.03,0.0,0.45
24967928.0,0.04,-0.01,0.45,0.03,0.0,0.45
24978280.0,0.04,-0.01,0.45,0.03,0.0,0.45
24986956.0,0.04,-0.01,0.45,0.03,0.0,0.45
24995948.0,0.04,-0.01,0.45,0.03,0.0,0.45
25005948.0,0.04,-0.01,0.45,0.03,0.0,0.45
25015964.0,0.04,-0.01,0.45,0.03,0.0,0.45
25026024.0,0.04,-0.01,0.45,0.03,0.0,0.45
25034548.0,0.04,-0.01,0.45,0.03,0.0,0.45
25043096.0,0.04,-0.01,0.45,0.03,0.0,0.45
25051792.0,0.04,-0.01,0.45,0.03,0.0,0.45
25061736.0,0.04,-0.01,0.45,0.03,0.0,0.45
25071508.0,0.04,-0.01,0.45,0.03,0.0,0.45
25081612.0,0.04,-0.01,0.45,0.03,0.0,0.45
25090164.0,0.04,-0.01,0.45,0.03,0.0,0.45
25100104.0,0.04,-0.01,0.45,0.03,0.0,0.45
25110120.0,0.04,-0.01,0.45,0.03,0.0,0.45
25120096.0,0.04,-0.01,0.45,0.03,0.0,0.45
25130116.0,0.04,-0.01,0.45,0.03,0.0,0.45
25138628.0,0.04,-0.01,0.45,0.03,0.0,0.45
25148420.0,0.04,-0.01,0.45,0.03,0.0,0.45
25158312.0,0.04,-0.01,0.45,0.03,0.0,0.45
25168244.0,0.04,-0.01,0.45,0.03,0.0,0.45
25178432.0,0.04,-0.01,0.45,0.03,0.0,0.45
25187204.0,0.04,-0.01,0.45,0.03,0.0,0.45
25195740.0,0.04,-0.01,0.45,0.03,0.0,0.45
25204260.0,0.04,-0.01,0.45,0.03,0.0,0.45
25214636.0,0.04,-0.01,0.45,0.03,0.0,0.45
25224900.0,0.04,-0.01,0.45,0.03,0.0,0.45
25233652.0,0.04,-0.01,0.45,0.03,0.0,0.45
25242280.0,0.04,-0.01,0.45,0.03,0.0,0.45
25250812.0,0.04,-0.01,0.45,0.03,0.0,0.45
25260800.0,0.04,-0.01,0.45,0.03,0.0,0.45
25270780.0,0.04,-0.01,0.45,0.03,0.0,0.45
25280724.0,0.04,-0.01,0.45,0.03,0.0,0.45
25289240.0,0.04,-0.01,0.45,0.03,0.0,0.45
25299104.0,0.04,-0.01,0.45,0.03,0.0,0.45
25308816.0,0.04,-0.01,0.45,0.03,0.0,0.45
25318396.0,0.04,-0.01,0.45,0.03,0.0,0.45
25328252.0,0.04,-0.01,0.45,0.03,0.0,0.45
25336788.0,0.04,-0.01,0.45,0.03,0.0,0.45
25345316.0,0.04,-0.01,0.45,0.03,0.0,0.45
25355232.0,0.04,-0.01,0.45,0.03,0.0,0.45
25365452.0,0.04,-0.01,0.45,0.03,0.0,0.45
25375588.0,0.04,-0.01,0.45,0.03,0.0,0.45
25384328.0,0.04,-0.01,0.45,0.03,0.0,0.45
25392952.0,0.04,-0.02,0.45,0.03,0.0,0.45
25401484.0,0.04,-0.02,0.45,0.03,0.0,0.45
